cluster_size,hour_of_day,query_count,total_cost,avg_exec_ms,spill_rate,avg_waste_pct,scanned_mb,spilled_mb,cost_per_query,spill_rate_pct
1.0,0,6459,55746212.5,8488.32512772875,0.004644681839294009,47.68463726915814,456441.0,138380.0,8630.78069360582,0.46
1.0,1,6248,70349980.5,11019.013284250961,0.004481434058898848,47.48216524474948,516491.0,248988.0,11259.599951984635,0.45
1.0,2,6069,54974461.0,8938.317680013182,0.005107925523150436,47.14060475306856,460592.0,99503.0,9058.24040204317,0.51
1.0,3,5409,54118356.5,9551.592715843964,0.004067295248659641,47.70681546010211,736463.0,417112.0,10005.242466259937,0.41
1.0,4,5752,92648522.0,15723.914986091793,0.006432545201668985,48.20862328646658,886066.0,352306.0,16107.183936022253,0.64
1.0,5,6693,76565055.0,10345.650082175407,0.005976393246675631,45.382964746234784,902598.0,1374064.0,11439.571940833706,0.6
1.0,6,7943,88141063.5,9772.248646607075,0.0066725418607579004,44.23554690024558,1382085.0,1965810.0,11096.696902933401,0.67
1.0,7,8931,79558400.5,7897.676855895196,0.005822416302765648,47.34874010724048,1465197.0,1658330.0,8908.11784794536,0.58
1.0,8,8558,86798743.0,9779.653774246319,0.006193035756017761,47.492604907591115,1124902.0,508403.0,10142.409792007478,0.62
1.0,9,8008,66940005.0,7542.89522977023,0.008616383616383616,48.110598368665805,853600.0,1221940.0,8359.141483516483,0.86
1.0,10,7962,57780647.5,7066.642426525998,0.0048982667671439335,48.717725762367294,922321.0,210976.0,7257.0519341873905,0.49
1.0,11,8243,56451080.0,6699.709086497634,0.0044886570423389545,48.620742908389495,738936.0,171182.0,6848.3658862064785,0.45
1.0,12,6567,84789424.0,12619.965585503274,0.0057865082990711135,48.82424469967903,687600.0,314062.0,12911.439622354195,0.58
1.0,13,6728,102999876.5,14503.365190249702,0.009215219976218787,48.54205096044023,801801.0,1004067.0,15309.137410820453,0.92
1.0,14,7146,86105452.0,11816.538902882732,0.0061572907920514975,48.71223616851389,828540.0,250039.0,12049.46151693255,0.62
1.0,15,7816,88447752.5,10456.875,0.007932446264073694,47.83693969996238,1249335.0,1218430.0,11316.242643295804,0.79
1.0,16,7564,83250547.5,10351.993786356425,0.005684822845055526,46.66016240653957,929143.0,896699.0,11006.153820729773,0.57
1.0,17,8649,75132554.0,8321.506763787722,0.005087293328708521,43.04273019863422,905764.0,541392.0,8686.848653023471,0.51
1.0,18,9057,78108918.5,7992.851716904052,0.005631003643590593,44.0525353089019,1566931.0,986839.0,8624.149111184719,0.56
1.0,19,9190,113845360.5,11956.690315560392,0.006311207834602829,46.21969040893986,1706523.0,622023.0,12387.960881392819,0.63
1.0,20,8904,54918015.5,5982.431940700809,0.003481581311769991,47.75723445013121,915533.0,238535.0,6167.791498203055,0.35
1.0,21,8685,88752358.0,9682.057340241796,0.004029936672423719,47.87811980226461,1407770.0,791961.0,10219.03949337939,0.4
1.0,22,8207,81487914.5,9316.970878518337,0.0047520409406604115,48.31877182708269,695599.0,935147.0,9929.074509565005,0.48
1.0,23,8084,83537856.0,9978.216848095002,0.006308758040573973,48.26384563525915,640252.0,510765.0,10333.72785749629,0.63
2.0,0,36032,120005377.5,1702.5795404085256,0.007854129662522202,40.60811504821561,44953453.0,7236261.0,3330.522244116341,0.79
2.0,1,34827,127964734.0,2104.78539638786,0.008642719728945933,42.075584003192226,48495516.0,6082723.0,3674.2967812329516,0.86
2.0,2,34157,142222718.0,2253.2883742717454,0.009895482624352256,41.01343909091886,80287804.0,5022649.0,4163.794185672044,0.99
2.0,3,36176,124198673.5,1806.6818885448915,0.00890092879256966,40.158610669019296,63425369.0,5425493.0,3433.178723463069,0.89
2.0,4,36368,111965523.0,1641.7036955565331,0.00819401671799384,40.18553373094425,69610556.0,3490953.0,3078.6824406071273,0.82
2.0,5,40311,121761494.0,1874.9506834362828,0.007566173004887004,39.87045319900695,34058684.0,5830203.0,3020.552553893478,0.76
2.0,6,35694,155968778.5,2500.726312545526,0.009301283128817167,41.874722528616424,52882207.0,8053350.0,4369.60773519359,0.93
2.0,7,46596,139158308.0,1564.064511975277,0.0098077088162074,32.60855069387989,71323826.0,6123449.0,2986.4861361490257,0.98
2.0,8,40865,144213410.0,2135.630539581549,0.009788327419552184,37.3957994021503,45722326.0,6815941.0,3529.020188425303,0.98
2.0,9,43035,123333983.0,1909.8430812129661,0.009178575578017892,39.72578651812975,39016412.0,4327136.0,2865.8994539328455,0.92
2.0,10,41305,185751427.0,2634.5020941774605,0.01002299963684784,40.73404830326772,82803296.0,7106334.0,4497.068805229391,1.0
2.0,11,42068,135375382.5,1751.1987021013597,0.009270704573547589,40.66988139564393,56040821.0,6737109.0,3218.01327612437,0.93
2.0,12,42497,165189265.0,2350.346636233146,0.009294773748735205,40.89674926827283,41751638.0,8886153.0,3887.08061745535,0.93
2.0,13,42207,146778656.0,1739.9831781458051,0.007368445992370934,40.79860040111176,40645892.0,10603248.0,3477.590352311228,0.74
2.0,14,111253,98300358.0,572.1320683487187,0.003415638229980315,43.252387075711795,25518948.0,4377895.0,883.574896856714,0.34
2.0,15,173372,149619256.0,402.4403594582747,0.0024398403433080313,43.41321975204452,87648602.0,7204613.0,862.9955010036223,0.24
2.0,16,156981,133178546.5,490.3995579082819,0.0025863002528968473,43.313642657409225,59862827.0,5252744.0,848.3736662398634,0.26
2.0,17,154094,146659574.0,601.7392695367763,0.003037107220268148,43.07630276899211,43347576.0,6452275.0,951.7539553778862,0.3
2.0,18,135102,142721954.5,587.6036994270995,0.0030421459341830616,42.90956987122201,62821599.0,6384944.0,1056.4014929460704,0.3
2.0,19,82061,117606334.0,810.6082060905911,0.003899538148450543,42.231329322492776,67309878.0,3486415.0,1433.1574560388003,0.39
2.0,20,59753,146597361.0,1311.590279985942,0.005706826435492779,41.44634844724721,66106994.0,7034482.0,2453.3891352735427,0.57
2.0,21,47005,170264576.5,1523.106286565259,0.007169450058504415,40.21833391312995,51183611.0,14615832.0,3622.265216466333,0.72
2.0,22,40712,130773973.5,1555.9922872863037,0.008351346040479466,41.36360673850348,44553221.0,9029961.0,3212.172664079387,0.84
2.0,23,39761,107514287.5,1675.9860415985513,0.008777445235280804,39.95832228874053,23978543.0,5777227.0,2704.0136691733105,0.88
3.0,0,46184,449419912.0,1847.8945522258791,0.054023038281655986,31.80639473944645,149333210.0,57882029.0,9731.073791789364,5.4
3.0,1,39663,452930829.0,1441.1073040365077,0.030507021657464134,32.65244304703499,102013500.0,68953088.0,11419.479842674533,3.05
3.0,2,38531,366882000.5,1532.9989878279828,0.05265889803015754,32.272213214303015,144925393.0,47070264.0,9521.735758220653,5.27
3.0,3,28987,479131507.5,1963.3471901197088,0.06820298754614137,32.29374004626661,129951545.0,71448838.0,16529.185755683582,6.82
3.0,4,37775,561992645.5,2657.6956187954997,0.05958967571144937,34.380376828727805,159242687.0,76395370.0,14877.369834546658,5.96
3.0,5,34162,510933770.0,1685.9890228909314,0.058164041917920496,30.7562713785744,135328906.0,77134512.0,14956.20192026228,5.82
3.0,6,33760,487935038.0,2018.9872037914693,0.06170023696682465,31.82598175103557,145502070.0,69404599.0,14453.052073459716,6.17
3.0,7,39446,502205623.5,1622.3185367337626,0.047406581148912434,31.221560330682635,133491663.0,74293163.0,12731.471467322415,4.74
3.0,8,37725,459125149.0,1691.0888270377734,0.05362491716368456,31.057001983343493,135824636.0,65483301.0,12170.315414181578,5.36
3.0,9,34275,424118013.0,2060.2463603209335,0.06176513493800146,31.591186691147556,141842608.0,56516353.0,12373.97557986871,6.18
3.0,10,40733,495912849.0,2032.6330984705276,0.05536051849851472,32.688371128511264,131037060.0,69519815.0,12174.719490339528,5.54
3.0,11,37710,385031932.5,1529.8706443914082,0.053221957040572795,30.139564543203598,132104761.0,52257626.0,10210.34029435163,5.32
3.0,12,46999,506046902.0,2453.6648864869467,0.04666056724611162,32.03158649625949,126944192.0,65451002.0,10767.184450732995,4.67
3.0,13,43409,451104648.5,2017.6350065654588,0.04913727568015849,31.53075182736889,128318571.0,59872369.0,10391.961309866618,4.91
3.0,14,47270,626188621.5,1866.5418024116775,0.04427755447429659,32.24128055667244,158532571.0,91738181.0,13247.06201607785,4.43
3.0,15,42176,457308169.0,1719.3899136949924,0.05282625189681335,31.88344544381371,153365220.0,61621714.0,10842.853020675266,5.28
3.0,16,69077,411246497.5,1532.8473297913922,0.03428058543364651,33.69513161270446,136071255.0,47465275.0,5953.450461079665,3.43
3.0,17,42951,539958972.0,1808.167586319294,0.047356289725501155,32.838477166966435,143029622.0,78156311.0,12571.511070755047,4.74
3.0,18,41658,510305809.5,1834.9814921503673,0.05230687983100485,31.768536738460607,150491501.0,71723680.0,12249.887404580153,5.23
3.0,19,36202,473937551.0,1995.2103474946136,0.05411303242914756,31.875297189970645,136797952.0,66661594.0,13091.47425556599,5.41
3.0,20,45237,372558849.5,1880.7292702875964,0.04991489267634901,33.11002226365442,133980419.0,44098018.0,8235.710800893074,4.99
3.0,21,40866,483060968.0,1954.5597562766113,0.04881808838643371,32.88819277536296,134829088.0,67154277.0,11820.608036020163,4.88
3.0,22,37375,363198123.0,2267.7209364548494,0.06153846153846154,33.352089295684955,122907286.0,43397682.0,9717.675531772575,6.15
3.0,23,37086,337301221.0,1686.632287116432,0.056139783206600874,32.92152454350243,125268742.0,42423281.0,9095.10923259451,5.61
4.0,0,20132,40580928.0,1520.3336479237037,0.0016391814027419034,39.58489218233095,12460132.0,748701.0,2015.7424995032784,0.16
4.0,1,19098,41421596.0,1778.7820190595874,0.0007854225573358467,39.62344498774596,11423234.0,347760.0,2168.897057283485,0.08
4.0,2,20073,33988817.5,1272.3766751357546,0.0012952722562646342,39.91073057818552,11569751.0,532705.0,1693.2604742689184,0.13
4.0,3,21296,32265007.0,1171.3233001502629,0.0009391435011269722,39.99611981494251,8873142.0,576787.0,1515.0735818933133,0.09
4.0,4,20992,43802776.5,1820.1773532774391,0.0010956554878048782,40.314776282110024,8896387.0,229084.0,2086.6414110137193,0.11
4.0,5,22071,50083976.5,1451.3825381722622,0.0009061664627792125,40.34515110371903,9230245.0,2687078.0,2269.22099134611,0.09
4.0,6,28794,164187155.5,4963.846843092311,0.0025352503993887614,39.695086197863844,10676319.0,3183998.0,5702.130843231229,0.25
4.0,7,24053,188916239.0,4144.3575437575355,0.0026192158982247535,39.678510753117074,12238174.0,16622584.0,7854.165343200432,0.26
4.0,8,25798,105170506.0,2083.1864097992093,0.001783083959996899,40.0679644842212,12990306.0,8986662.0,4076.6922242034266,0.18
4.0,9,26861,76438411.0,1620.43486839656,0.0008562600052120174,39.64097696021253,14315030.0,5150879.0,2845.7023565764493,0.09
4.0,10,28855,72592605.5,1496.6498700398545,0.002356610639403916,39.49624371110596,12285547.0,4652800.0,2515.7721538728124,0.24
4.0,11,28941,175248120.0,2152.7088213952525,0.0035589647904357142,39.57239046036841,51384568.0,17450858.0,6055.358142427698,0.36
4.0,12,26797,139460599.0,2639.1734895697277,0.0036571257976639178,39.93986719205908,45075904.0,9240143.0,5204.336268985334,0.37
4.0,13,26856,64913930.5,1628.5631143878463,0.002085195114685731,39.625383648929585,25326419.0,1702806.0,2417.1109063151625,0.21
4.0,14,27274,215153364.0,2193.087885898658,0.002529881938842854,39.76711696354909,37124700.0,27355347.0,7888.5885458678595,0.25
4.0,15,25002,54766466.0,1614.6571474282057,0.003159747220222382,39.534603308107066,15857486.0,1293613.0,2190.4834013278937,0.32
4.0,16,27026,66556311.0,1615.133723081477,0.003219122326648413,39.96794097972056,14799254.0,3101216.0,2462.677088729372,0.32
4.0,17,25633,48895309.5,1507.1294425155074,0.002106659384387313,39.758059574233116,16411221.0,411490.0,1907.5141224203176,0.21
4.0,18,28257,73416664.0,1821.1054605938352,0.0018756414339809605,39.65493619474338,31545454.0,1236992.0,2598.1761687369503,0.19
4.0,19,26271,49840769.0,1478.9201020136272,0.0019032393133112558,39.71071602271139,18134678.0,384144.0,1897.1782193292984,0.19
4.0,20,26670,48199720.0,1385.293813273341,0.0017247844019497563,40.08667264956459,16620938.0,588693.0,1807.2635920509936,0.17
4.0,21,27908,49247831.0,1319.817292532607,0.0015049448186899813,40.33020146578353,16262370.0,856637.0,1764.6492403611867,0.15
4.0,22,23445,37487010.5,1257.7124333546599,0.0007677543186180423,39.769283435447434,12422775.0,357711.0,1598.9341224141608,0.08
4.0,23,20939,33086757.0,1312.4668799847175,0.0009551554515497397,39.70124866668296,10839286.0,37074.0,1580.1498161325756,0.1
5.0,0,818,4921060.0,3795.8410757946212,0.011002444987775062,29.59124174020482,3602144.0,2998.0,6015.965770171149,1.1
5.0,1,311,4767366.0,6099.916398713826,0.01607717041800643,32.64282758385911,2379264.0,336132.0,15329.15112540193,1.61
5.0,2,300,7232869.0,8153.733333333334,0.02,32.017505943505576,2468188.0,710531.0,24109.56333333333,2.0
5.0,3,340,3482193.0,5733.694117647059,0.011764705882352941,32.95525754109839,2406914.0,65856.0,10241.744117647058,1.18
5.0,4,368,4703758.0,8507.98097826087,0.008152173913043478,33.2022743017465,2608402.0,53724.0,12781.951086956522,0.82
5.0,5,1305,10912190.5,5295.343295019157,0.011494252873563218,33.91796058979188,2909085.0,509445.0,8361.831800766284,1.15
5.0,6,1314,17314343.0,10986.888127853881,0.0091324200913242,27.313767483973532,3213874.0,254127.0,13176.821156773212,0.91
5.0,7,1087,10634467.5,8052.952161913523,0.014719411223551058,19.905618762032756,3249187.0,51263.0,9783.31876724931,1.47
5.0,8,758,10117750.5,9220.19525065963,0.013192612137203167,17.705132721969978,3430695.0,282699.0,13347.955804749341,1.32
5.0,9,1169,6600119.0,4009.901625320787,0.00855431993156544,29.06884328609738,3709808.0,11528.0,5645.952951240376,0.86
5.0,10,695,10848252.5,11338.025899280576,0.017266187050359712,33.27517842441064,4135159.0,180149.0,15608.996402877698,1.73
5.0,11,567,9060984.0,11047.673721340389,0.019400352733686066,34.58891984217067,5105516.0,48839.0,15980.57142857143,1.94
5.0,12,663,10334193.0,10888.633484162896,0.024132730015082957,37.62336569042658,4832748.0,139731.0,15587.018099547511,2.41
5.0,13,764,8879074.5,8398.46335078534,0.0274869109947644,39.512133320068585,4643817.0,28148.0,11621.825261780104,2.75
5.0,14,699,8479695.0,8587.334763948498,0.02861230329041488,38.532105686928986,4226816.0,72748.0,12131.18025751073,2.86
5.0,15,724,16197012.5,18953.7182320442,0.024861878453038673,32.08408594413924,4448641.0,50040.0,22371.56422651934,2.49
5.0,16,698,17306638.5,12062.078796561605,0.034383954154727794,36.22777080331848,6688695.0,1108592.0,24794.611031518623,3.44
5.0,17,613,9459628.0,11304.194127243067,0.021207177814029365,36.344847771900106,4945264.0,11505.0,15431.693311582381,2.12
5.0,18,613,8721255.5,9719.221859706362,0.03588907014681892,36.273646912390795,3956255.0,157049.0,14227.170473083197,3.59
5.0,19,579,8369032.0,9892.105354058722,0.044905008635578586,36.13024107225404,4468316.0,81469.0,14454.286701208981,4.49
5.0,20,534,7021203.0,9001.544943820225,0.033707865168539325,35.90047984059122,3827836.0,60092.0,13148.3202247191,3.37
5.0,21,578,10124897.5,11820.041522491349,0.039792387543252594,33.45424348618782,4770277.0,181555.0,17517.123702422145,3.98
5.0,22,481,8462458.5,11835.12474012474,0.04781704781704782,37.47885902106291,4122517.0,141701.0,17593.468814968815,4.78
5.0,23,1713,6850631.5,2555.3689433741974,0.002335084646818447,26.207613592154484,4862789.0,8378.0,3999.201109165207,0.23
6.0,0,8852,74481731.0,3141.1209896068685,0.028920018075011298,43.92398640076926,22609996.0,7074306.0,8414.113307727068,2.89
6.0,1,10322,199680440.0,3293.5581282697153,0.02538267777562488,44.18427853393244,20515976.0,31085269.0,19345.13078860686,2.54
6.0,2,10986,70232753.0,2351.7253777535043,0.033770253049335515,44.602998232658365,14972106.0,7382129.0,6392.932186419079,3.38
6.0,3,9447,33907364.0,1637.4637451042659,0.026569281253307927,44.31082053114729,11646088.0,2523040.0,3589.2202815708692,2.66
6.0,4,10556,83278341.5,4163.5370405456615,0.022925350511557408,44.377938185252695,11775809.0,6688028.0,7889.1949128457745,2.29
6.0,5,10200,106387015.5,3069.9226470588237,0.031176470588235295,44.96957936283598,17922799.0,13222481.0,10430.09955882353,3.12
6.0,6,8607,94764658.5,3429.243057976066,0.024979667712327177,44.780495689281196,17715907.0,11278242.0,11010.184559079818,2.5
6.0,7,7049,149181723.5,4314.358632430132,0.02454248829621223,44.09524565776489,26250149.0,21128947.0,21163.53007518797,2.45
6.0,8,12403,131878245.5,3486.311940659518,0.02531645569620253,43.78572679874802,28101337.0,14917370.0,10632.769934693219,2.53
6.0,9,8215,149090469.5,4614.123311016433,0.021911138161898967,42.34668256492734,12908493.0,20946240.0,18148.565976871578,2.19
6.0,10,6297,65699923.0,4089.5875813879625,0.019850722566301413,43.43709101704906,11970170.0,6792541.0,10433.527552802921,1.99
6.0,11,8221,219723250.0,4404.795523658922,0.0412358593845031,44.08540684582089,21592532.0,34543032.0,26727.070915946966,4.12
6.0,12,7949,125635868.5,4569.517171971317,0.062020379922002766,43.509660458859905,14904383.0,16372117.0,15805.241980123286,6.2
6.0,13,9510,136281387.5,4393.4563617245,0.06109358569926393,43.64259190006197,21132835.0,16786640.0,14330.324658254469,6.11
6.0,14,11666,137806254.0,3817.360277730156,0.07894736842105263,43.87113318463747,25560678.0,16098518.0,11812.63963655066,7.89
6.0,15,10965,98661294.5,3669.735066119471,0.0533515731874145,43.35502351039166,21946059.0,9489924.0,8997.838075695394,5.34
6.0,16,9500,92163842.5,3315.979684210526,0.059263157894736844,42.938172101538285,19650591.0,10167348.0,9701.457105263158,5.93
6.0,17,9755,421629012.5,3896.150179395182,0.05504869297796002,43.013678797355354,18058175.0,74918596.0,43221.836237826756,5.5
6.0,18,10394,579804812.5,3501.678949393881,0.04108139311141043,44.11828540396578,23459583.0,106335714.0,55782.64503559746,4.11
6.0,19,9865,137104665.0,3547.7061327927013,0.043689812468322355,43.87112532497492,15078928.0,18913416.0,13898.090724784592,4.37
6.0,20,11468,361568756.0,3356.79377397977,0.0422915940006976,43.582697842901105,17824610.0,62832148.0,31528.492849668644,4.23
6.0,21,10055,127305519.0,3530.368871208354,0.04664346096469418,43.601387389489716,14232180.0,16938314.0,12660.916857284932,4.66
6.0,22,9028,50864028.5,2750.373836951706,0.032454585733274255,42.82172734184692,17640057.0,3442725.0,5634.030626938414,3.25
6.0,23,8960,66847838.5,2477.417857142857,0.03515625,43.48973142905886,22305379.0,6699497.0,7460.696261160714,3.52
7.0,0,98,19943195.0,76305.1530612245,0.12244897959183673,41.5646302713825,467980.0,2446260.0,203501.98979591837,12.24
7.0,1,265,3700894.5,5537.154716981132,0.01509433962264151,43.633464992713456,143887.0,432321.0,13965.639622641509,1.51
7.0,2,1422,5552096.0,3225.855836849508,0.010548523206751054,42.89818235682984,628808.0,130105.0,3904.4275668073137,1.05
7.0,3,169,5082461.0,3774.609467455621,0.023668639053254437,43.26798935681399,83714.0,880539.0,30073.73372781065,2.37
7.0,4,107,13781481.5,49260.04672897196,0.04672897196261682,41.55649821286997,193153.0,1682816.0,128798.89252336448,4.67
7.0,5,793,4183194.5,4346.760403530895,0.012610340479192938,43.99045857221639,439847.0,103258.0,5275.150693568727,1.26
7.0,6,586,2808577.5,3961.090443686007,0.010238907849829351,42.60170606790598,329427.0,64533.0,4792.794368600683,1.02
7.0,7,234,3065168.0,6462.380341880342,0.021367521367521368,42.96270486727586,114292.0,299165.0,13099.008547008547,2.14
7.0,8,719,27651934.5,10677.28233657858,0.015299026425591099,44.113552258688266,547077.0,3940286.0,38458.87969401947,1.53
7.0,9,170,13649937.5,23990.064705882352,0.047058823529411764,43.16390946471589,229793.0,1891346.0,80293.75,4.71
7.0,10,554,6264499.5,7134.516245487364,0.018050541516245487,42.95295511227708,431825.0,419213.0,11307.760830324909,1.81
7.0,11,1059,3275948.0,2600.1992445703495,0.0056657223796034,43.24751929117618,508454.0,53622.0,3093.435316336166,0.57
7.0,12,124,8509806.0,37102.25,0.06451612903225806,41.249684226205424,265804.0,755245.0,68627.46774193548,6.45
7.0,13,238,2404923.0,8661.957983193277,0.012605042016806723,42.4574809587789,127094.0,55966.0,10104.718487394957,1.26
7.0,14,1212,8567449.5,2112.6493399339934,0.01155115511551155,43.56374931309197,437227.0,1157661.0,7068.852722772277,1.16
7.0,15,169,3547727.0,2636.03550295858,0.023668639053254437,41.92002961071911,46424.0,615805.0,20992.467455621303,2.37
7.0,16,128,1833009.0,11375.3671875,0.0234375,42.99489856890122,120284.0,63364.0,14320.3828125,2.34
7.0,17,846,4467578.5,1407.9574468085107,0.010638297872340425,43.980954671364586,347393.0,620550.0,5280.825650118203,1.06
7.0,18,557,4694338.5,4946.276481149012,0.010771992818671455,42.72948841642674,272035.0,360649.0,8427.896768402154,1.08
7.0,19,228,7802402.0,6864.271929824561,0.039473684210526314,43.63354402534585,136756.0,1233794.0,34221.06140350877,3.95
7.0,20,731,4648266.0,4862.55950752394,0.016415868673050615,43.743457205989934,492230.0,169524.0,6358.777017783857,1.64
7.0,21,213,8745716.5,11036.957746478873,0.046948356807511735,43.491386275877474,163079.0,1262661.0,41059.70187793427,4.69
7.0,22,599,7210658.0,8612.539232053423,0.011686143572621035,43.480621719993366,435854.0,366764.0,12037.826377295492,1.17
7.0,23,1213,5259652.0,1709.4328112118715,0.008244023083264633,43.00534689511134,480110.0,589211.0,4336.0692497939,0.82
8.0,0,9026,118332609.5,2820.1011522269,0.009860403279415023,42.626053622328364,19769023.0,16598773.0,13110.193828938622,0.99
8.0,1,8548,119226116.0,2444.355989705194,0.011815629386991109,42.20349124386905,24483622.0,17217990.0,13947.83762283575,1.18
8.0,2,10778,132824237.0,1351.7433661161626,0.014195583596214511,32.91345257272105,17080834.0,21942946.0,12323.644182594173,1.42
8.0,3,8227,43684583.0,1365.5787042664397,0.01045338519508934,38.99885361057512,10721964.0,5417797.0,5309.904339370366,1.05
8.0,4,11000,38882815.5,1114.9264545454546,0.007272727272727273,39.69788564317178,10512649.0,4272460.0,3534.801409090909,0.73
8.0,5,22287,61106674.0,831.8580338313815,0.01085834791582537,44.96841574493389,19597518.0,6553659.0,2741.807959797191,1.09
8.0,6,10144,78122013.5,2447.5256309148267,0.020208990536277602,41.2867837262958,16282247.0,9030638.0,7701.3025926656155,2.02
8.0,7,13790,163940965.0,2514.2786076867296,0.01950688905003626,43.9715225308872,11310086.0,24722804.0,11888.394851341553,1.95
8.0,8,11355,259287026.0,3855.1121092029944,0.01197710259797446,42.32873188454777,25816496.0,40520796.0,22834.612593571113,1.2
8.0,9,8418,159336042.0,2967.608220479924,0.013186029935851747,41.836827652572865,6778052.0,26193138.0,18928.016393442624,1.32
8.0,10,7499,88852398.5,3080.1040138685157,0.013468462461661555,41.5181409171435,16088457.0,11542094.0,11848.5662755034,1.35
8.0,11,7237,86970036.5,3437.8936023214037,0.010639767859610336,41.72139829253564,12372381.0,11180762.0,12017.41557275114,1.06
8.0,12,8154,131788865.0,4176.8662006377235,0.013858229090017169,42.615536131549504,60257696.0,13520370.0,16162.480377728722,1.39
8.0,13,10791,188495628.5,2695.4566768603468,0.024094152534519506,43.04637512046036,20093981.0,29872393.0,17467.8554814197,2.41
8.0,14,9704,93687077.5,4244.171269579555,0.019373454245671887,41.95616996841605,18417929.0,8658535.0,9654.480368920033,1.94
8.0,15,7467,411144393.0,3902.1185214945763,0.020356234096692113,41.81239309470789,27567448.0,73644710.0,55061.523101647246,2.04
8.0,16,7445,182460733.0,3823.2264607118873,0.009939556749496306,40.56222325601414,11039834.0,29695379.0,24507.821759570183,0.99
8.0,17,6684,82469751.5,2266.3105924596052,0.010173548773189706,40.88357707481161,14332393.0,12031107.0,12338.382929383602,1.02
8.0,18,7510,288815211.5,5346.272037283622,0.010119840213049267,39.98287356817506,15140277.0,48218914.0,38457.418308921435,1.01
8.0,19,9189,171623556.0,2217.349330721515,0.0075089781260202415,42.40040448057072,20335756.0,28216091.0,18677.065621939277,0.75
8.0,20,12202,35067220.0,1229.9327979019833,0.007129978692017702,42.704249350674566,12326160.0,2779300.0,2873.891165382724,0.71
8.0,21,10267,116647993.5,2865.41501899289,0.014999513002824583,42.472637935902746,11344305.0,16311325.0,11361.448670497712,1.5
8.0,22,7183,47182658.0,1915.060002784352,0.010162884588612,41.486140243087796,8050054.0,5880351.0,6568.6562717527495,1.02
8.0,23,6876,23638308.5,1982.877108784177,0.005381035485747527,41.896105352896306,11980371.0,802772.0,3437.7993746364164,0.54
10.0,0,2391,23850793.5,2700.6524466750316,0.019657047260560435,45.741769575406714,16803327.0,1798374.0,9975.237766624843,1.97
10.0,1,2576,65281319.5,4288.533773291925,0.045419254658385096,47.82607460217131,22928753.0,8553936.0,25342.127135093167,4.54
10.0,2,2458,51959204.5,3855.3812042310824,0.03132628152969894,46.151841728702955,17328945.0,6763641.0,21138.813873067535,3.13
10.0,3,3530,38244592.0,2475.388385269122,0.02152974504249292,44.61928452286105,20553782.0,3845916.0,10834.162039660057,2.15
10.0,4,3129,30075685.0,2717.935762224353,0.03771172898689677,45.778838035738985,21245458.0,2189707.0,9611.91594758709,3.77
10.0,5,3077,24225598.5,3068.414039649009,0.05264868378290543,48.73746404962271,18865037.0,1070314.0,7873.122684432889,5.26
10.0,6,3744,38547138.5,3357.1183226495727,0.06757478632478632,50.47221489114391,22267965.0,2968821.0,10295.710069444445,6.76
10.0,7,3265,62110913.0,4992.5981623277185,0.0771822358346095,53.65616978914726,23456380.0,6816378.0,19023.25053598775,7.72
10.0,8,3277,70028914.5,5906.708269758926,0.08819041806530363,51.82913115606288,27736683.0,7360858.0,21369.82438205676,8.82
10.0,9,3374,48319340.0,5625.113218731476,0.07557794902193242,54.62564217751803,27785336.0,3089508.0,14321.08476585655,7.56
10.0,10,3063,39911608.5,4206.86842964414,0.05386875612144956,48.12437230080496,20370911.0,3368103.0,13030.234573947111,5.39
10.0,11,2505,68289885.0,5535.611576846308,0.053493013972055886,46.83249962601574,17687876.0,9115848.0,27261.43113772455,5.35
10.0,12,2489,22257526.5,3427.9397348332664,0.02892728003214142,45.54508328750356,17751679.0,969909.0,8942.356970670951,2.89
10.0,13,2721,41661209.0,3474.3252480705623,0.04924660051451672,47.11849771775864,23928980.0,4048616.0,15310.99191473723,4.92
10.0,14,2683,42525141.5,3565.319045844204,0.033917256802087216,46.642207145490055,29659071.0,3625971.0,15849.8477450615,3.39
10.0,15,2800,44636606.5,3612.8903571428573,0.04321428571428571,46.135478599790126,24523457.0,4451757.0,15941.645178571429,4.32
10.0,16,2549,18788877.0,2639.6520204001567,0.02471557473519027,45.74176492412466,17649168.0,647164.0,7371.077677520596,2.47
10.0,17,2645,53630441.5,4496.699810964084,0.050283553875236295,48.107782735029424,19140461.0,6433288.0,20276.159357277884,5.03
10.0,18,2565,18030340.5,2675.184015594542,0.026510721247563353,45.83254667650244,17937097.0,439989.0,7029.372514619883,2.65
10.0,19,2591,83627420.5,4752.226553454265,0.06406792744114241,49.7898662503157,20327973.0,12230083.0,32276.117522192202,6.41
10.0,20,2263,57479334.0,4217.424657534247,0.03932832523199293,50.51198868103511,18014954.0,7785565.0,25399.617322138754,3.93
10.0,21,2457,30723846.5,3349.1725681725684,0.03785103785103785,48.060094802977595,19296299.0,2569356.0,12504.61803011803,3.79
10.0,22,2367,20497318.0,2886.4169835234475,0.02999577524292353,46.73342352757656,22010338.0,532000.0,8659.618926911702,3.0
10.0,23,2373,16720957.5,2416.140750105352,0.02654867256637168,45.12088479061931,16687731.0,528718.0,7046.336915297093,2.65
11.0,0,531,21970904.0,10156.340866290018,0.04896421845574388,47.0950120012704,19430664.0,1372511.0,41376.4670433145,4.9
11.0,1,526,41116798.0,18047.545627376425,0.043726235741444866,45.529070515704575,27952238.0,3529534.0,78168.8174904943,4.37
11.0,2,359,115599113.5,25652.623955431754,0.06406685236768803,46.788637896108334,21770183.0,19100946.0,322003.1016713092,6.41
11.0,3,480,327389005.5,13975.50625,0.0625,46.266279855733885,14359425.0,62700210.0,682060.428125,6.25
11.0,4,1446,40063402.0,6943.820885200554,0.01867219917012448,28.73182654122533,26385764.0,3365951.0,27706.36376210235,1.87
11.0,5,527,9777373.5,6617.755218216319,0.022770398481973434,37.26662622843403,10423233.0,215640.0,18552.89089184061,2.28
11.0,6,526,20323849.0,12508.711026615969,0.034220532319391636,42.13502134453551,24119174.0,336936.0,38638.49619771863,3.42
11.0,7,667,18235533.5,6580.466266866567,0.026986506746626688,42.6588167109788,26206395.0,148633.0,27339.630434782608,2.7
11.0,8,746,51619031.5,18949.533512064343,0.05093833780160858,45.41039180378699,39996519.0,3496884.0,69194.41219839142,5.09
11.0,9,1215,57975428.0,14560.084773662551,0.10781893004115227,48.8012869501513,47548550.0,3302130.0,47716.40164609053,10.78
11.0,10,897,64547103.0,19642.93199554069,0.11705685618729098,49.69206312799434,69484076.0,2437071.0,71958.86622073578,11.71
11.0,11,543,36087583.5,23441.77532228361,0.0718232044198895,46.48321726684583,36068499.0,1064890.0,66459.63812154696,7.18
11.0,12,504,46954571.0,8323.109126984127,0.03968253968253968,46.46316569707454,6378098.0,7914135.0,93163.83134920635,3.97
11.0,13,477,68470557.0,21447.53668763103,0.04612159329140461,45.794627827759165,23821564.0,9265860.0,143544.14465408804,4.61
11.0,14,363,39968407.0,13990.534435261708,0.05785123966942149,47.05723004406717,39406016.0,3037367.0,110105.8044077135,5.79
11.0,15,460,12729485.5,7737.980434782608,0.06304347826086956,46.35760985865034,14815649.0,352438.0,27672.79456521739,6.3
11.0,16,457,21553484.5,15027.960612691466,0.06345733041575492,46.19168404869515,21480803.0,789061.0,47162.98577680525,6.35
11.0,17,411,13640835.5,10003.333333333334,0.0413625304136253,45.338217720706126,15999381.0,305955.0,33189.380778588806,4.14
11.0,18,559,88444346.0,10799.203935599284,0.06976744186046512,46.11837763637466,18457682.0,14635750.0,158218.8658318426,6.98
11.0,19,502,105831709.5,27052.97609561753,0.12749003984063745,46.90601049379191,29855111.0,15464712.0,210820.13844621513,12.75
11.0,20,425,75946698.5,22084.06117647059,0.06588235294117648,46.229618535391594,13632355.0,11948959.0,178698.11411764706,6.59
11.0,21,360,28462856.5,11569.5,0.06388888888888888,46.00311227208404,35385673.0,1321000.0,79063.49027777778,6.39
11.0,22,480,91960204.0,17861.047916666666,0.04375,46.72233401113264,32759962.0,13401384.0,191583.75833333333,4.38
11.0,23,542,110181826.0,24888.658671586716,0.06273062730627306,46.59978767699603,19851776.0,17353257.0,203287.50184501844,6.27
12.0,0,3424,35777913.5,1553.8592289719627,0.006133177570093458,41.70502904306724,18145789.0,4276921.0,10449.156980140187,0.61
12.0,1,3178,19528717.0,1838.8870358716174,0.003775959723096287,42.70654951359268,25810408.0,155906.0,6144.970736312146,0.38
12.0,2,2682,14113110.5,2025.0790454884414,0.005965697240865026,40.77242536192748,16739157.0,62454.0,5262.159023117077,0.6
12.0,3,2478,28041226.0,1960.4737691686844,0.015738498789346248,40.885333307178094,32946654.0,1341969.0,11316.07183212268,1.57
12.0,4,2178,14898766.0,2244.6726354453626,0.008264462809917356,41.22825607182524,13669768.0,634997.0,6840.572084481176,0.83
12.0,5,2268,14215978.5,1854.2089947089946,0.006172839506172839,40.98850355325907,10031375.0,998989.0,6268.068121693122,0.62
12.0,6,2244,12763737.5,1538.1951871657755,0.004901960784313725,40.465536180134016,18538635.0,8542.0,5687.940062388592,0.49
12.0,7,1973,175977520.0,5287.359858084136,0.00912316269640142,40.286416621416826,20913058.0,31017806.0,89192.86365940192,0.91
12.0,8,1983,36817497.0,3363.5431164901665,0.0045385779122541605,40.25482081188297,15738382.0,4455680.0,18566.564296520424,0.45
12.0,9,1699,14543072.0,2582.0788699234845,0.011183048852266038,41.24643483248856,19895930.0,41631.0,8559.783402001178,1.12
12.0,10,1887,11322942.0,2078.3078961314254,0.00794912559618442,42.16742214419904,14668800.0,13355.0,6000.499205087441,0.79
12.0,11,1949,19435724.5,2894.4273986659828,0.008209338122113904,41.997107157926294,15448971.0,1214000.0,9972.152129297076,0.82
12.0,12,2220,19398285.0,2301.2792792792793,0.006756756756756757,42.100246985876765,26193660.0,238523.0,8737.966216216217,0.68
12.0,13,2699,27498994.5,3532.9722119303447,0.007780659503519822,41.914863125145295,29712015.0,621499.0,10188.58632826973,0.78
12.0,14,3122,28956463.0,1952.982062780269,0.006726457399103139,41.04355998115289,17652786.0,2806572.0,9274.972133247918,0.67
12.0,15,3284,28587225.5,4048.1181485992693,0.0097442143727162,41.68755720777958,28917571.0,166884.0,8705.001674786845,0.97
12.0,16,3284,28023962.0,2038.3404384896469,0.007003654080389768,40.91922572797147,17591914.0,2506819.0,8533.484165651644,0.7
12.0,17,3171,59146140.5,5734.698202459792,0.01923683380637023,40.69213711245545,31253015.0,5066981.0,18652.204509618416,1.92
12.0,18,3427,33639625.0,1893.608695652174,0.01371461920046688,42.82641304701929,25085376.0,2921508.0,9816.056317478844,1.37
12.0,19,3255,22358729.0,2505.8092165898615,0.015360983102918587,41.759708422036496,23695030.0,470961.0,6869.041167434716,1.54
12.0,20,3724,41358778.0,2430.808002148228,0.009398496240601503,41.70521293907046,37074048.0,2753885.0,11106.009129967777,0.94
12.0,21,3885,23364320.0,1659.363449163449,0.012097812097812098,42.058782189321576,23718636.0,1011675.0,6013.981981981982,1.21
12.0,22,3798,24345671.0,1627.4067930489732,0.01158504476040021,42.10689020516697,27667880.0,866168.0,6410.129278567667,1.16
12.0,23,3852,29859559.0,1466.740134994808,0.005711318795430945,41.011608479591565,22649562.0,2576979.0,7751.702751817238,0.57
14.0,0,1466,301983083.0,25435.603001364256,0.14938608458390176,46.15981758892849,46720338.0,48266864.0,205991.1889495225,14.94
14.0,1,1262,55791222.5,8554.015055467511,0.13153724247226625,45.43269530944234,29385691.0,6060642.0,44208.57567353408,13.15
14.0,2,1290,157454081.5,21673.746511627905,0.14573643410852713,45.15612617367933,28385707.0,23060419.0,122057.42751937984,14.57
14.0,3,1271,431212630.5,28672.47678992919,0.12509834775767112,45.789262421294374,52470955.0,73706887.0,339270.36231313925,12.51
14.0,4,1397,41802804.0,9263.90694345025,0.12884753042233357,46.075732067775895,37521552.0,2020070.0,29923.26700071582,12.88
14.0,5,1295,285959587.0,22803.567567567567,0.14362934362934363,45.10480758021727,38406244.0,47445169.0,220818.2138996139,14.36
14.0,6,1386,84006482.0,7320.612554112554,0.1479076479076479,45.88252304297018,34030446.0,11368978.0,60610.73737373737,14.79
14.0,7,1277,607333946.5,27819.318715740017,0.14487079091620986,45.653655317146175,43664583.0,109995277.0,475594.31989036803,14.49
14.0,8,1358,36962459.5,11127.577319587628,0.13107511045655376,45.28029859400431,36612049.0,709037.0,27218.305964653904,13.11
14.0,9,1297,267949809.0,19605.06399383192,0.1063993831919815,45.10636123045645,34089962.0,45095412.0,206591.98843484966,10.64
14.0,10,1294,86400114.0,14892.022411128284,0.16692426584234932,45.85302000585319,46790214.0,8746946.0,66769.79443585781,16.69
14.0,11,1288,284360106.0,18615.22049689441,0.13819875776397517,46.776474068700516,59413644.0,46135376.0,220776.4798136646,13.82
14.0,12,1331,165944800.5,11787.525920360631,0.12396694214876033,44.37381918414507,36965577.0,26354563.0,124676.78474830954,12.4
14.0,13,1225,107275392.0,16088.07836734694,0.14775510204081632,45.37860059057816,65558572.0,10957642.0,87571.74857142857,14.78
14.0,14,1451,88309442.0,12251.555478980014,0.15644383184011026,46.47565456539159,67600720.0,7346415.0,60861.090282563746,15.64
14.0,15,1346,182604831.5,13462.020059435365,0.14190193164933135,46.57460668756093,39868075.0,28910183.0,135664.80794947993,14.19
14.0,16,1388,122473535.0,11521.00720461095,0.14048991354466858,47.032732514303824,45934174.0,16703058.0,88237.41714697407,14.05
14.0,17,1195,62927295.0,12129.439330543933,0.13138075313807532,46.223635819987315,29699260.0,6716597.0,52658.824267782424,13.14
14.0,18,1422,180606453.5,22915.016877637132,0.13924050632911392,46.255807392924815,60069189.0,23597341.0,127008.75773558368,13.92
14.0,19,1211,91793119.0,14723.316267547481,0.11230388109000826,46.57347499228171,27179716.0,12074665.0,75799.43765483072,11.23
14.0,20,1473,150162758.5,17209.747454175154,0.13781398506449424,47.55757687741516,57190281.0,19243532.0,101943.48845892736,13.78
14.0,21,1321,186905996.5,12635.86525359576,0.1468584405753217,46.708952745159905,53702877.0,28672516.0,141488.26381529146,14.69
14.0,22,1317,165207992.0,17172.76993166287,0.13743356112376615,47.610098626176985,44237628.0,24094528.0,125442.66666666667,13.74
14.0,23,1278,43878029.0,9110.630672926447,0.12206572769953052,47.45290828132654,31317526.0,3315176.0,34333.356025039124,12.21
16.0,0,1134,267591149.5,17061.93650793651,0.03880070546737213,32.988621258974135,103131927.0,39335390.0,235971.03130511465,3.88
16.0,1,1859,188418539.0,15436.63259817106,0.06885422270037654,35.44789444515938,120053328.0,19939035.0,101354.78160301238,6.89
16.0,2,1900,257511967.5,16047.431578947368,0.07736842105263157,33.340261842979814,142027295.0,31201640.0,135532.6144736842,7.74
16.0,3,1494,186979380.5,15925.68406961178,0.06760374832663989,32.856951721388896,173419787.0,15295303.0,125153.53447121821,6.76
16.0,4,2350,247436515.5,15168.311914893617,0.06,35.659305439122114,250323495.0,17325847.0,105292.13425531915,6.0
16.0,5,2795,243240335.0,14864.820393559929,0.07119856887298748,35.365054363638755,256704114.0,14668221.0,87026.95348837209,7.12
16.0,6,2357,207261475.0,15258.38311412813,0.09885447602885024,35.40045583225876,217414352.0,12518058.0,87934.43996605855,9.89
16.0,7,2131,219787172.0,16653.80478648522,0.12013139371187236,34.8149580640522,198816708.0,16977912.0,103138.04411074612,12.01
16.0,8,1712,314600320.0,22190.52628504673,0.14719626168224298,34.15478741226204,225175178.0,32804510.0,183761.86915887852,14.72
16.0,9,1391,238180069.5,23600.89000718907,0.19122933141624732,37.512734978192405,177137403.0,23356506.0,171229.38138030193,19.12
16.0,10,1340,213809801.0,20123.510447761193,0.18955223880597014,38.271010714982424,160807584.0,21288101.0,159559.55298507464,18.96
16.0,11,1294,355335210.5,25548.49227202473,0.20942812982998454,36.73034165604576,246250773.0,39830015.0,274602.1719474498,20.94
16.0,12,1233,209986326.0,22074.682076236822,0.19708029197080293,35.086276567853645,152150676.0,21338581.0,170305.21167883213,19.71
16.0,13,1799,247098719.0,25003.163424124512,0.1517509727626459,24.188261680631086,221998956.0,18223710.0,137353.37354085603,15.18
16.0,14,1413,264607588.0,25204.602972399152,0.19391365888181175,32.40713093814534,202736448.0,25525052.0,187266.51663128097,19.39
16.0,15,1084,182112383.5,24772.698339483395,0.16974169741697417,37.25583402893768,162291377.0,14822618.0,168000.35378228783,16.97
16.0,16,1200,166123058.0,20090.856666666667,0.15583333333333332,37.024772862578565,146840150.0,13718791.0,138435.88166666665,15.58
16.0,17,1037,128457015.0,17975.17357762777,0.13114754098360656,36.37361283803476,138315830.0,8131769.0,123873.68852459016,13.11
16.0,18,1035,198138417.5,18480.823188405797,0.10821256038647344,38.35462008260662,162365951.0,19565558.0,191438.0845410628,10.82
16.0,19,836,93608215.0,21895.293062200955,0.07655502392344497,37.310477880277894,115688400.0,3491910.0,111971.5490430622,7.66
16.0,20,909,183342952.5,20044.402640264027,0.09020902090209021,37.270336394855924,129535401.0,20070978.0,201697.41749174916,9.02
16.0,21,1076,160882714.0,18876.153345724906,0.06598513011152417,39.25485972579283,148557566.0,13258638.0,149519.25092936802,6.6
16.0,22,1071,136195046.5,13522.196078431372,0.04668534080298786,37.95751356773809,162927689.0,8049786.0,127166.24323062558,4.67
16.0,23,831,144894016.0,11840.037304452468,0.024067388688327317,37.09466781324005,87481630.0,18262826.0,174361.03008423586,2.41
17.0,0,3015,6646739.0,1088.7565505804312,0.015257048092868989,40.38597713555143,5050076.0,167820.0,2204.5568822553896,1.53
17.0,1,2761,5035472.0,803.6993842810576,0.014125316914161535,40.28286626376047,4826086.0,80683.0,1823.7855849329953,1.41
17.0,2,2750,18445055.0,1123.749090909091,0.01309090909090909,41.39175584893094,11211480.0,1949801.0,6707.2927272727275,1.31
17.0,3,2542,4104560.0,806.5476003147128,0.012195121951219513,41.83151185211413,3127842.0,98079.0,1614.697088906373,1.22
17.0,4,2559,221278222.0,4533.980851895271,0.01406799531066823,42.31129237740298,4032360.0,41531917.0,86470.5830402501,1.41
17.0,5,2528,21661702.0,1170.604825949367,0.01740506329113924,42.173473576479665,4983306.0,3242152.0,8568.711234177215,1.74
17.0,6,864,2736320.0,1082.3310185185185,0.017361111111111112,39.998483004401436,1721342.0,188103.0,3167.037037037037,1.74
17.0,7,322,916219.0,1150.5962732919254,0.040372670807453416,44.31106948094057,1063874.0,2758.0,2845.4006211180126,4.04
17.0,8,318,90572394.0,17837.279874213837,0.03459119496855346,43.32210253010082,2846018.0,16695426.0,284818.8490566038,3.46
17.0,9,3775,91806039.0,2056.0156291390726,0.012185430463576159,44.04193170461577,7118770.0,16097039.0,24319.480529801323,1.22
17.0,10,4304,8716081.5,722.9730483271376,0.008364312267657992,44.131969412314135,10427201.0,78161.0,2025.1118726765799,0.84
17.0,11,7352,21821948.5,1010.7259249183895,0.009521218715995648,40.5524773631439,9635253.0,1914693.0,2968.164921109902,0.95
17.0,12,5157,18022957.0,1266.7033158813263,0.026565832848555362,41.9836090020694,17077896.0,590324.0,3494.853015318984,2.66
17.0,13,4800,10586736.0,1056.1866666666667,0.017291666666666667,42.171649868009034,9078200.0,195588.0,2205.57,1.73
17.0,14,4320,157012703.5,3017.305787037037,0.027546296296296298,42.043950198891366,12157355.0,27579853.0,36345.533217592594,2.75
17.0,15,3821,449440399.5,10124.057576550642,0.02747971735147867,40.94925189079185,13477251.0,80803550.0,117623.76328186339,2.75
17.0,16,3435,7915284.5,1177.3394468704512,0.015138282387190683,41.06681471558061,4930827.0,281142.0,2304.304075691412,1.51
17.0,17,3260,7239878.5,1275.3819018404909,0.019938650306748466,41.38095796556689,4207187.0,195708.0,2220.821625766871,1.99
17.0,18,3039,6493727.0,1263.2425139848635,0.01678183613030602,40.83050409668345,3853386.0,145608.0,2136.797301743995,1.68
17.0,19,2918,8726858.0,1635.4396847155585,0.01644962302947224,40.608911587000215,5992390.0,191690.0,2990.698423577793,1.64
17.0,20,3082,6221983.5,1268.1281635301752,0.018170019467878003,41.18597872600455,3472185.0,115504.0,2018.8135950681376,1.82
17.0,21,3013,5861254.0,1185.2585462993693,0.02190507799535347,41.53772315631638,3373750.0,120639.0,1945.3216063723862,2.19
17.0,22,3075,10311062.0,1303.8978861788619,0.017235772357723576,41.50003594872136,3871742.0,873141.0,3353.190894308943,1.72
17.0,23,3106,190483766.0,3252.6841596909208,0.013200257566001287,40.44761688964705,5324138.0,35543772.0,61327.677398583386,1.32
24.0,0,5089,8574409.0,882.1302809982315,0.0,48.408134036529,8170496.0,0.0,1684.8907447435645,0.0
24.0,1,5050,15121859.5,2133.08,0.0,48.42269173443344,8699611.0,0.0,2994.4276237623762,0.0
24.0,2,4956,16539703.0,2351.8091202582727,0.0008071025020177562,48.55828391630528,9226444.0,54183.0,3337.308918482647,0.08
24.0,3,4793,9595898.0,1098.6674316711872,0.0,48.562954551654194,8659970.0,0.0,2002.0650949301064,0.0
24.0,4,4416,5793697.0,522.0133605072464,0.0,48.32196143987386,6976972.0,0.0,1311.9784873188405,0.0
24.0,5,4005,4664110.5,421.55056179775283,0.0,48.24907385870186,5951601.0,0.0,1164.5719101123595,0.0
24.0,6,4288,6040103.5,583.9384328358209,0.0002332089552238806,48.45878722109177,7072141.0,21.0,1408.6062266791046,0.02
24.0,7,4919,7175255.5,647.6100833502744,0.0,48.48394225465776,7979323.0,0.0,1458.6817442569627,0.0
24.0,8,4223,5850421.5,578.2810798010893,0.0,48.40046452439478,6816681.0,0.0,1385.370944825953,0.0
24.0,9,3845,4884228.5,504.6548764629389,0.0,48.31351319747975,5887661.0,0.0,1270.2804941482445,0.0
24.0,10,3867,4991544.0,504.0563744504784,0.0,48.258608500320975,6084716.0,0.0,1290.8052754072926,0.0
24.0,11,4268,5713771.5,530.4695407685099,0.0,48.399369267336446,6899455.0,0.0,1338.7468369259607,0.0
24.0,12,5005,8134175.0,789.6011988011988,0.0,48.48662821282382,8364442.0,0.0,1625.2097902097903,0.0
24.0,13,5512,9142321.0,831.9394049346879,0.0,48.48413648337366,9113342.0,0.0,1658.6213715529752,0.0
24.0,14,5764,10387965.0,913.4179389312977,0.0,48.52784403611491,10246048.0,0.0,1802.2146079111728,0.0
24.0,15,5963,10033872.5,818.5197048465537,0.0,48.49493841659039,10306079.0,0.0,1682.6886634244509,0.0
24.0,16,5922,10070203.5,845.7228976697062,0.0,48.52828460115656,10123665.0,0.0,1700.473404255319,0.0
24.0,17,5879,9549137.0,783.4628338152747,0.0,48.508953852662245,9886318.0,0.0,1624.279129103589,0.0
24.0,18,5864,9581209.0,792.6446111869031,0.0,48.50277269028487,9866282.0,0.0,1633.9033083219645,0.0
24.0,19,5853,9606917.5,802.2062190329746,0.0,48.49767653187752,9823209.0,0.0,1641.3663933025798,0.0
24.0,20,5955,9567686.0,771.4288832913518,0.00016792611251049538,48.51072685205585,9945144.0,251.0,1606.6643157010915,0.02
24.0,21,5516,8199724.5,673.5759608411893,0.0,48.43457596277586,8968559.0,0.0,1486.5345358955765,0.0
24.0,22,5292,7549907.0,593.5912698412699,0.0,48.37695009805796,8817244.0,0.0,1426.6642101284958,0.0
24.0,23,5141,8435930.5,831.2221357712507,0.0,48.421611984274186,8325235.0,0.0,1640.9123711340205,0.0
26.0,0,117,24746587.0,5451.324786324786,0.05982905982905983,44.38293769274521,3929134.0,4428843.0,211509.2905982906,5.98
26.0,1,147,17571462.5,11862.108843537415,0.047619047619047616,45.26392980421899,19177455.0,1247801.0,119533.75850340136,4.76
26.0,2,104,41160418.5,19154.06730769231,0.14423076923076922,43.639744860086395,21543071.0,5679372.0,395773.2548076923,14.42
26.0,3,117,15706541.0,9787.871794871795,0.20512820512820512,44.30431242751659,28327010.0,79571.0,134243.94017094016,20.51
26.0,4,102,31462229.5,16896.607843137255,0.0784313725490196,43.44865926723285,26186051.0,3329150.0,308453.23039215687,7.84
26.0,5,104,31167736.0,13355.923076923076,0.0673076923076923,42.78228217085512,13073780.0,4648366.0,299689.76923076925,6.73
26.0,6,111,63321746.0,18206.207207207208,0.07207207207207207,42.00288525716272,29854004.0,9274771.0,570466.1801801802,7.21
26.0,7,91,25177416.5,11000.637362637362,0.07692307692307693,43.91591737512728,21928787.0,2642393.0,276674.9065934066,7.69
26.0,8,131,224191938.5,57754.98473282443,0.04580152671755725,44.45202681079533,11943661.0,42130841.0,1711388.8435114503,4.58
26.0,9,200,61428714.0,19720.275,0.08,44.12637484249963,24059108.0,9091021.0,307143.57,8.0
26.0,10,207,85414089.5,15247.550724637682,0.07246376811594203,43.61659923652268,150624633.0,1389106.0,412628.45169082127,7.25
26.0,11,145,15552883.5,9847.696551724139,0.08275862068965517,43.90223056763378,25266825.0,298311.0,107261.26551724138,8.28
26.0,12,146,61264416.0,18099.883561643837,0.0684931506849315,42.300991319302476,26028166.0,9121550.0,419619.2876712329,6.85
26.0,13,111,9255589.0,9749.468468468469,0.10810810810810811,39.985088392146864,6553606.0,979319.0,83383.68468468469,10.81
26.0,14,128,23331751.0,14559.46875,0.1015625,41.03016050822729,28054538.0,1488174.0,182279.3046875,10.16
26.0,15,114,6775272.0,13614.850877192983,0.07017543859649122,44.928106843543105,9965158.0,48120.0,59432.21052631579,7.02
26.0,16,116,16364861.0,13773.258620689656,0.1206896551724138,44.273657660533644,28819446.0,71488.0,141076.3879310345,12.07
26.0,17,101,11203389.5,31445.237623762376,0.0891089108910891,44.36433839850311,15883751.0,17109.0,110924.64851485149,8.91
26.0,18,112,82859979.5,17573.125,0.09821428571428571,43.183732327662746,11459519.0,15032406.0,739821.2455357143,9.82
26.0,19,111,2442009.5,11156.0,0.036036036036036036,41.2460249898828,2399427.0,796.0,22000.085585585584,3.6
26.0,20,89,28454832.0,12075.056179775282,0.0898876404494382,43.499907289941575,10684774.0,4407553.0,319717.21348314604,8.99
26.0,21,65,7311031.0,45547.769230769234,0.06153846153846154,39.40970071506356,7420332.0,128052.0,112477.4,6.15
26.0,22,73,30791289.0,10611.09589041096,0.0273972602739726,41.10268576898321,4520648.0,5551271.0,421798.4794520548,2.74
26.0,23,59,39550202.5,21769.98305084746,0.05084745762711865,40.737580287239766,1135217.0,7539633.0,670342.4152542372,5.08
30.0,0,95,45165846.5,41499.642105263156,0.11578947368421053,47.31644673393801,11494111.0,7095265.0,475429.96315789473,11.58
30.0,1,150,13500149.0,14267.553333333333,0.18,47.44197307129032,13381162.0,933887.0,90000.99333333333,18.0
30.0,2,130,32998212.0,24007.60769230769,0.3230769230769231,47.37251852080433,13998376.0,4575607.0,253832.4,32.31
30.0,3,138,287853363.5,78373.95652173914,0.391304347826087,47.0773968837976,35248165.0,51882735.0,2085893.9384057971,39.13
30.0,4,98,29351344.5,25976.877551020407,0.25510204081632654,46.0360570711889,8685731.0,4492549.0,299503.5153061224,25.51
30.0,5,101,31391487.5,26658.72277227723,0.3069306930693069,46.27238995416657,17881753.0,3951616.0,310806.80693069304,30.69
30.0,6,69,51539648.0,37945.536231884056,0.21739130434782608,46.64060215488942,11296182.0,8654663.0,746951.4202898551,21.74
30.0,7,96,24167519.5,12487.229166666666,0.14583333333333334,45.913907581638256,5141081.0,4079641.0,251744.99479166666,14.58
30.0,8,107,47473336.0,18922.420560747665,0.22429906542056074,47.14746833733423,23209994.0,6768728.0,443676.03738317755,22.43
30.0,9,108,204993273.0,67842.76851851853,0.23148148148148148,46.27300078807735,23140448.0,37219206.0,1898085.861111111,23.15
30.0,10,115,153241563.0,47345.973913043475,0.3391304347826087,46.79479681380977,39309942.0,25628361.0,1332535.3304347827,33.91
30.0,11,85,114586027.5,102914.23529411765,0.3411764705882353,47.159169458073414,11400625.0,20027601.0,1348070.9117647058,34.12
30.0,12,99,192717836.0,113388.898989899,0.25252525252525254,46.681139971893685,29669490.0,33331518.0,1946644.808080808,25.25
30.0,13,129,33210612.0,23983.22480620155,0.24031007751937986,47.955829981677425,29379402.0,3085415.0,257446.60465116278,24.03
30.0,14,115,85554457.5,77277.90434782609,0.2608695652173913,48.34117243838599,80088147.0,7324685.0,743951.804347826,26.09
30.0,15,88,197017341.0,84431.625,0.29545454545454547,48.83561132130682,31692796.0,34748192.0,2238833.4204545454,29.55
30.0,16,112,93646945.0,49416.83928571428,0.24107142857142858,48.0617945616046,23905908.0,15231861.0,836133.4375,24.11
30.0,17,124,257726919.0,103974.82258064517,0.22580645161290322,47.505066152335196,22462082.0,46720600.0,2078442.8951612904,22.58
30.0,18,86,28554154.0,20747.127906976744,0.37209302325581395,45.641773857081354,16333272.0,3720653.0,332025.0465116279,37.21
30.0,19,126,37115823.0,20282.70634920635,0.15873015873015872,47.717150682825675,11253004.0,5786740.0,294570.0238095238,15.87
30.0,20,100,145074801.5,56670.99,0.21,46.869274100676904,14565335.0,26425007.0,1450748.015,21.0
30.0,21,70,132105927.0,55519.9,0.32857142857142857,46.79453075003833,26530788.0,22990828.0,1887227.5285714285,32.86
30.0,22,82,127321784.0,50160.40243902439,0.23170731707317074,46.48581195681776,25398882.0,22101838.0,1552704.6829268292,23.17
30.0,23,58,25883845.0,48056.56896551724,0.1896551724137931,45.37866480402677,10450118.0,3574301.0,446273.1896551724,18.97
32.0,0,2582,69733198.0,5168.63400464756,0.05731990704879938,49.04802346286052,84817130.0,2795844.0,27007.435321456236,5.73
32.0,1,2742,107278465.0,5647.150619985412,0.047045951859956234,49.72857283007309,102479846.0,8110811.0,39124.166666666664,4.7
32.0,2,1947,63861052.0,5406.411402157165,0.03338469440164355,48.565361100070945,48434848.0,5823469.0,32799.71854134566,3.34
32.0,3,2818,48033836.0,3414.4897090134846,0.03158268275372605,45.259421607276074,68556918.0,826669.0,17045.364088005677,3.16
32.0,4,2345,56856935.0,5187.303624733476,0.0255863539445629,46.823906716654925,59957796.0,2942762.0,24246.027718550107,2.56
32.0,5,1999,124042033.5,3676.589794897449,0.026513256628314157,46.97200062744273,46148111.0,18723695.0,62052.04277138569,2.65
32.0,6,2386,239194008.5,5332.29128248114,0.02179379715004191,46.05963259995794,287545913.0,16539641.0,100248.95578373848,2.18
32.0,7,2530,82893228.5,6329.891699604743,0.07035573122529644,48.948701378404806,89304315.0,4445289.0,32764.121936758893,7.04
32.0,8,3049,135838966.0,5985.271236470974,0.12036733355198426,53.92996073250452,73317818.0,16186193.0,44551.97310593637,12.04
32.0,9,3021,213406299.0,8993.54915590864,0.11651770936775901,54.127380359991314,114096474.0,25837710.0,70640.9463753724,11.65
32.0,10,2987,153078708.0,11722.271844660194,0.13491797790425175,54.04648378095737,154416574.0,8171199.0,51248.31201874791,13.49
32.0,11,3174,744399368.0,14333.503465658476,0.20006301197227475,52.713907423343926,294171026.0,110363863.0,234530.36168872085,20.01
32.0,12,2652,225373497.5,15810.786199095022,0.1907993966817496,54.15772710374684,190131615.0,17675497.0,84982.46512066365,19.08
32.0,13,2554,109406568.5,11808.059514487079,0.2028191072826938,54.06547430644604,75156039.0,8334153.0,42837.340837901334,20.28
32.0,14,3183,206107992.0,11282.848256361922,0.16933710336160854,53.82450155665521,158705192.0,18168418.0,64752.746465598495,16.93
32.0,15,3632,259690566.5,10277.793226872247,0.12334801762114538,51.315422655074386,152601003.0,29212224.0,71500.70663546256,12.33
32.0,16,3418,233634703.5,10032.011702750146,0.10386190754827385,52.61929194943844,168291135.0,23039944.0,68354.2140140433,10.39
32.0,17,3074,324526070.0,11821.00553025374,0.09824333116460637,51.82825484904141,137034088.0,43934251.0,105571.26545217958,9.82
32.0,18,3193,110105075.5,7462.092389602255,0.10648293141246477,50.96644413025076,99313829.0,7324340.0,34483.268243031634,10.65
32.0,19,2972,317541144.5,11058.218707940781,0.09925975773889636,50.05790533640205,103243497.0,46610874.0,106844.2612718708,9.93
32.0,20,2851,155681984.5,7648.48719747457,0.09119607155384075,49.8798767683155,161485795.0,10626650.0,54606.097685022796,9.12
32.0,21,2676,141542199.5,6737.893124065769,0.07436472346786248,49.379182305581,114146575.0,13287662.0,52893.19861733931,7.44
32.0,22,2535,142828037.0,6927.876923076923,0.08007889546351085,49.36440183326261,93088158.0,15744358.0,56342.420907297834,8.01
32.0,23,2785,174522704.5,8498.129622980252,0.08043087971274686,47.66334749017981,127605227.0,17410560.0,62665.243985637346,8.04
35.0,0,662,672494873.0,36339.53172205438,0.19486404833836857,42.74717531574995,296011826.0,100086438.0,1015853.2824773414,19.49
35.0,1,597,1222734802.5,41103.175879396986,0.23450586264656617,45.23472663686032,388641403.0,200775101.0,2048131.9974874372,23.45
35.0,2,452,608449954.5,31304.639380530974,0.2809734513274336,43.95398920759403,247130675.0,94146984.0,1346128.2179203539,28.1
35.0,3,595,2762736204.5,42162.184873949576,0.2638655462184874,45.124171308287245,441850259.0,503344915.0,4643254.125210084,26.39
35.0,4,661,1819808598.0,36245.0741301059,0.1951588502269289,44.37354832664165,276496628.0,331520458.0,2753114.3691376704,19.52
35.0,5,562,1117938125.5,26204.896797153026,0.1708185053380783,42.87542731247089,190381547.0,201604040.0,1989213.7464412812,17.08
35.0,6,511,2155600602.0,50241.283757338555,0.14677103718199608,45.80142034541266,248168362.0,401168625.0,4218396.481409002,14.68
35.0,7,578,324041133.5,14693.112456747405,0.0986159169550173,41.49923985465126,193633529.0,43746350.0,560624.7984429066,9.86
35.0,8,443,639163101.5,46186.961625282165,0.1670428893905192,46.734899192386045,178891335.0,105851322.0,1442806.098194131,16.7
35.0,9,940,590659148.0,24917.753191489363,0.16382978723404254,43.26764545124268,65252290.0,106922063.0,628360.7957446808,16.38
35.0,10,411,525581715.5,41932.4403892944,0.18004866180048662,45.68010141414897,75892905.0,94080206.0,1278787.6289537712,18.0
35.0,11,400,558526109.5,47448.68,0.185,44.73950626235869,148445075.0,93064820.0,1396315.27375,18.5
35.0,12,392,322784277.0,23535.775510204083,0.11224489795918367,45.10735590205911,130094576.0,49702193.0,823429.2780612245,11.22
35.0,13,422,320176550.5,45912.48578199052,0.1066350710900474,46.00658387048033,208512593.0,39309037.0,758712.2049763033,10.66
35.0,14,344,1425620578.5,95349.16569767441,0.10465116279069768,44.86313517925584,164475341.0,262116559.0,4144245.867732558,10.47
35.0,15,380,616198120.5,44230.518421052635,0.14210526315789473,42.80398589760275,160494297.0,103828675.0,1621574.0013157895,14.21
35.0,16,586,414148071.0,20110.901023890787,0.11262798634812286,43.675694227292254,78272076.0,72645409.0,706737.3225255973,11.26
35.0,17,509,1766262518.0,52047.345776031434,0.1787819253438114,38.69323996086054,146634948.0,333290589.0,3470063.8860510807,17.88
35.0,18,412,1652809547.5,66594.56796116506,0.1553398058252427,41.379203304399184,218708311.0,303203686.0,4011673.6589805824,15.53
35.0,19,599,460058028.0,27520.97996661102,0.15025041736227046,43.074166890513105,267126232.0,62001969.0,768043.4524207012,15.03
35.0,20,681,860752312.0,30487.2966226138,0.18061674008810572,42.43608508951618,199287206.0,148069372.0,1263953.4684287813,18.06
35.0,21,613,832048398.5,40172.05872756933,0.17781402936378465,44.54418364642569,273737623.0,134110823.0,1357338.3336052203,17.78
35.0,22,594,625240373.0,27276.473063973062,0.1919191919191919,44.66216477357494,239930406.0,97814589.0,1052593.2205387205,19.19
35.0,23,633,1080534572.5,37498.55292259084,0.19273301737756715,41.98203136601556,472325187.0,164127079.0,1707005.6437598737,19.27
36.0,0,310,23657757.0,9660.251612903226,0.02903225806451613,40.42266875197271,31239548.0,1008661.0,76315.34516129032,2.9
36.0,1,301,53498009.5,15661.564784053156,0.013289036544850499,40.89586537073914,97523797.0,4396.0,177734.2508305648,1.33
36.0,2,386,69000050.5,18119.209844559584,0.04922279792746114,38.55136993173282,28688141.0,9532393.0,178756.60751295337,4.92
36.0,3,402,96190288.5,30078.86567164179,0.03731343283582089,42.74935045357272,43352209.0,12484496.0,239279.32462686568,3.73
36.0,4,433,51235202.0,21688.0207852194,0.06004618937644342,40.2596481794568,60799628.0,2288895.0,118326.10161662818,6.0
36.0,5,439,276082497.0,41381.36446469248,0.05239179954441914,42.226094100322754,53786156.0,46204600.0,628889.5148063782,5.24
36.0,6,410,259749785.0,27103.475609756097,0.06341463414634146,40.12398659749547,67031250.0,43024347.0,633536.0609756098,6.34
36.0,7,387,239677798.0,33562.74418604651,0.07751937984496124,42.24683377735733,86238342.0,36713969.0,619322.4754521964,7.75
36.0,8,411,89876951.0,13030.839416058394,0.06082725060827251,41.74211874287668,23662282.0,14538027.0,218678.71289537713,6.08
36.0,9,462,14344993.5,10745.67316017316,0.0670995670995671,41.6682065490785,9323145.0,943784.0,31049.76948051948,6.71
36.0,10,490,94257859.5,14632.189795918368,0.07346938775510205,41.21197623975494,58373463.0,11580271.0,192362.97857142857,7.35
36.0,11,481,47205548.0,10871.656964656964,0.04781704781704782,38.33553556566877,29551702.0,5440086.0,98140.43243243243,4.78
36.0,12,473,431063616.5,43445.66596194503,0.05919661733615222,38.769898740789436,145398773.0,67562886.0,911339.5697674418,5.92
36.0,13,413,102599718.0,14692.878934624698,0.043583535108958835,39.62073375281536,37659248.0,15540387.0,248425.46731234866,4.36
36.0,14,418,38518690.0,21583.913875598086,0.0430622009569378,37.760524245573826,39480388.0,1951284.0,92149.97607655503,4.31
36.0,15,374,25617037.0,11693.561497326204,0.06951871657754011,37.51875242353427,23669030.0,1881826.0,68494.7513368984,6.95
36.0,16,396,45582604.0,13142.015151515152,0.03535353535353535,39.212503214382316,17116502.0,6364023.0,115107.58585858585,3.54
36.0,17,408,27000843.0,11245.985294117647,0.031862745098039214,36.04438702982754,19104622.0,2572034.0,66178.53676470589,3.19
36.0,18,395,67767642.0,10519.53417721519,0.04050632911392405,38.94403789983031,9232482.0,11799237.0,171563.6506329114,4.05
36.0,19,330,14455565.5,7850.324242424243,0.03636363636363636,40.484930519092046,18588857.0,514106.0,43804.74393939394,3.64
36.0,20,318,253536921.0,9319.754716981131,0.012578616352201259,37.423880857485784,15654328.0,48549215.0,797285.9150943396,1.26
36.0,21,337,82748074.0,10217.560830860533,0.03560830860534125,38.930068443577944,16089612.0,14251990.0,245543.24629080118,3.56
36.0,22,399,13980599.5,6575.987468671679,0.017543859649122806,38.98559877201684,18651911.0,406165.0,35039.09649122807,1.75
36.0,23,283,6272391.0,10505.901060070672,0.0176678445229682,37.919040702788124,6507992.0,9045.0,22163.925795053005,1.77
40.0,0,85,2256603.5,10593.152941176471,0.07058823529411765,41.0472678801042,1786231.0,92614.0,26548.276470588236,7.06
40.0,1,129,2833777.0,9458.457364341086,0.14728682170542637,43.494892190988075,2870932.0,35634.0,21967.263565891473,14.73
40.0,2,109,6871702.0,16918.467889908257,0.08256880733944955,40.11471030376675,4379518.0,567566.0,63043.1376146789,8.26
40.0,3,160,4721051.0,5576.125,0.05,40.03161858170811,7538432.0,11931.0,29506.56875,5.0
40.0,4,133,4432885.0,12349.729323308271,0.045112781954887216,42.176282053729174,5542992.0,3775.0,33329.96240601504,4.51
40.0,5,108,26045272.0,17992.48148148148,0.06481481481481481,43.70970016322972,11507268.0,3669690.0,241159.92592592593,6.48
40.0,6,96,1261372.0,5191.260416666667,0.03125,41.91042847126672,1521672.0,435.0,13139.291666666666,3.12
40.0,7,94,2524150.5,8554.095744680852,0.10638297872340426,41.01656399122836,3042501.0,39763.0,26852.66489361702,10.64
40.0,8,157,5707806.5,9388.191082802548,0.08917197452229299,50.9928097647592,7380321.0,108740.0,36355.45541401274,8.92
40.0,9,103,12346563.0,15861.73786407767,0.06796116504854369,45.56311201587071,21376408.0,4920.0,119869.54368932039,6.8
40.0,10,107,4027033.0,4130.411214953271,0.056074766355140186,45.59097532092722,5191558.0,197860.0,37635.82242990654,5.61
40.0,11,214,25226278.0,26032.53738317757,0.10747663551401869,45.27074012672416,6472010.0,3283862.0,117879.80373831776,10.75
40.0,12,132,9397858.5,14066.969696969696,0.07575757575757576,34.88157215690527,6460187.0,862185.0,71195.89772727272,7.58
40.0,13,179,10938764.5,11428.061452513966,0.0782122905027933,37.49801625978251,5011253.0,1277503.0,61110.41620111732,7.82
40.0,14,135,18618619.0,31406.08148148148,0.1037037037037037,39.04523803623674,7241406.0,2151619.0,137915.6962962963,10.37
40.0,15,114,7630522.0,19906.5,0.06140350877192982,38.9252937467301,2575002.0,814736.0,66934.40350877192,6.14
40.0,16,150,5196793.5,20482.126666666667,0.03333333333333333,40.43746289204573,3755689.0,49326.0,34645.29,3.33
40.0,17,172,5422013.5,18828.825581395347,0.05232558139534884,40.19139247723086,4157801.0,20911.0,31523.33430232558,5.23
40.0,18,136,3778668.0,12106.02205882353,0.04411764705882353,40.99924616183138,4213348.0,5115.0,27784.323529411766,4.41
40.0,19,185,4426778.0,9420.183783783783,0.08108108108108109,34.99985372096884,5078398.0,28969.0,23928.52972972973,8.11
40.0,20,160,6840111.0,22382.00625,0.04375,29.327677727628803,5767110.0,75087.0,42750.69375,4.38
40.0,21,178,42829155.5,12756.219101123595,0.056179775280898875,29.39005350083518,16603417.0,6451368.0,240613.23314606742,5.62
40.0,22,109,45701623.0,49562.66972477064,0.14678899082568808,44.24263866932415,31651914.0,4894667.0,419280.9449541284,14.68
40.0,23,93,14622662.0,22795.086021505376,0.0967741935483871,49.361438666149134,12330458.0,1267498.0,157232.9247311828,9.68
42.0,0,403,486035215.5,57728.33498759305,0.19602977667493796,64.94784485467153,29131733.0,89640966.0,1206042.718362283,19.6
42.0,1,639,157224510.5,6206.899843505477,0.03599374021909233,45.96786498234545,12254773.0,29426183.0,246047.74726134585,3.6
42.0,2,828,8959846.5,2592.9565217391305,0.012077294685990338,41.55635002524543,13585707.0,4005.0,10821.070652173914,1.21
42.0,3,448,18486300.0,12792.160714285714,0.07366071428571429,48.29698460117852,24897264.0,61356.0,41264.0625,7.37
42.0,4,298,102198046.0,37479.18456375839,0.050335570469798654,47.36172781449854,64535198.0,11752330.0,342946.4630872483,5.03
42.0,5,406,80084520.0,9604.67487684729,0.03694581280788178,48.4658676394632,61060204.0,9130984.0,197252.51231527093,3.69
42.0,6,276,31676604.0,14477.268115942028,0.09057971014492754,55.033740017901025,42442016.0,1291974.0,114770.30434782608,9.06
42.0,7,116,30008939.0,89156.0948275862,0.08620689655172414,48.975520748007085,28177424.0,1115624.0,258697.75,8.62
42.0,8,137,8377496.0,28119.24817518248,0.043795620437956206,51.43531097393068,8989368.0,6095.0,61149.60583941606,4.38
42.0,9,167,11322382.0,36020.59880239521,0.017964071856287425,46.80649801167696,10489314.0,12457.0,67798.69461077845,1.8
42.0,10,84,16462825.5,106682.97619047618,0.011904761904761904,43.40810598131346,14247501.0,75541.0,195986.01785714287,1.19
42.0,11,130,16263188.0,18605.584615384614,0.007692307692307693,42.54596990672002,27688914.0,1.0,125101.44615384615,0.77
42.0,12,338,33780407.0,29445.53846153846,0.01775147928994083,44.39236227034659,44192630.0,346300.0,99942.0325443787,1.78
42.0,13,224,40725542.5,44074.62053571428,0.05357142857142857,43.53371741479864,41884425.0,1982123.0,181810.4575892857,5.36
42.0,14,167,1035556491.5,76994.09580838324,0.029940119760479042,42.79119007648521,31283985.0,201411297.0,6200937.074850299,2.99
42.0,15,161,17865273.0,11430.180124223603,0.024844720496894408,43.73179627247154,32032248.0,1778.0,110964.42857142857,2.48
42.0,16,133,18598108.5,25536.045112781954,0.03007518796992481,43.23230512795648,22869199.0,753443.0,139835.40225563908,3.01
42.0,17,366,292749899.0,21020.849726775956,0.030054644808743168,46.51508557875742,152351926.0,41776061.0,799863.1120218579,3.01
42.0,18,249,284679972.5,30785.01204819277,0.040160642570281124,47.54286499041595,37085899.0,51694311.0,1143293.062248996,4.02
42.0,19,318,102639502.0,28199.270440251574,0.03773584905660377,47.83416190779335,16421508.0,17092276.0,322765.72955974843,3.77
42.0,20,140,294013583.0,80331.2357142857,0.09285714285714286,43.6826344006732,71039080.0,49449534.0,2100097.0214285715,9.29
42.0,21,263,101197351.5,18993.057034220532,0.034220532319391636,39.83149824536151,101671845.0,9073251.0,384780.8041825095,3.42
42.0,22,191,204502967.5,33714.87434554974,0.05235602094240838,46.731754805633635,7620303.0,38850655.0,1070696.164921466,5.24
42.0,23,264,43601520.0,10310.337121212122,0.056818181818181816,47.79416660266047,79357692.0,240149.0,165157.27272727274,5.68
47.0,0,182,94946863.0,16124.26923076923,0.04945054945054945,43.64093041772165,53727012.0,13029748.0,521686.06043956045,4.95
47.0,1,141,9306339.5,46820.82269503546,0.028368794326241134,44.221605719057386,4984047.0,42516.0,66002.40780141843,2.84
47.0,2,149,36702750.0,11517.838926174496,0.0738255033557047,46.46344911122419,37519744.0,3245344.0,246327.1812080537,7.38
47.0,3,177,172070068.5,17330.457627118645,0.03389830508474576,45.64590556364546,43274495.0,29473066.0,972147.279661017,3.39
47.0,4,177,27500162.0,17927.09604519774,0.011299435028248588,45.466416044162145,48593832.0,6030.0,155368.14689265538,1.13
47.0,5,181,60653484.5,27889.801104972375,0.03314917127071823,44.771775989017634,56339251.0,5487161.0,335102.12430939224,3.31
47.0,6,184,43492882.5,18154.510869565216,0.05434782608695652,45.49125269000812,47005505.0,3329940.0,236374.3614130435,5.43
47.0,7,282,104452722.5,19923.99645390071,0.06382978723404255,45.246525731379386,65204391.0,13246392.0,370399.72517730494,6.38
47.0,8,333,38093430.0,29261.87987987988,0.06006006006006006,43.11252708081699,40558588.0,1613986.0,114394.68468468469,6.01
47.0,9,401,295502726.0,23520.114713216957,0.07481296758104738,43.56383040730417,125790520.0,44635180.0,736914.5286783043,7.48
47.0,10,337,61273314.0,12652.172106824926,0.050445103857566766,43.26382352738185,75079324.0,3893974.0,181819.9228486647,5.04
47.0,11,255,264715828.0,42031.65882352941,0.07450980392156863,43.78392284022761,97098020.0,41089749.0,1038101.2862745099,7.45
47.0,12,256,263526749.0,34960.03515625,0.11328125,43.549403394433156,92339340.0,41681462.0,1029401.36328125,11.33
47.0,13,273,416003730.5,22140.120879120877,0.054945054945054944,45.50073597374365,87011955.0,73290700.0,1523823.1886446886,5.49
47.0,14,232,3355344238.5,57376.96120689655,0.05172413793103448,43.698116471787145,95534167.0,658853140.0,14462690.683189655,5.17
47.0,15,280,222179267.0,43343.135714285716,0.06428571428571428,43.54398707571248,176536208.0,24355017.0,793497.3821428572,6.43
47.0,16,269,72915022.5,23655.513011152416,0.06319702602230483,45.06188182367475,72986379.0,6011700.0,271059.56319702603,6.32
47.0,17,239,86744575.0,19064.619246861923,0.07112970711297072,45.1638413271536,90060982.0,7431528.0,362948.0125523013,7.11
47.0,18,269,387005462.5,27144.758364312267,0.05204460966542751,44.42727572620592,129051715.0,63035533.0,1438682.0167286245,5.2
47.0,19,244,187720579.5,22617.91393442623,0.05327868852459016,44.983288322443016,168896817.0,19550680.0,769346.637295082,5.33
47.0,20,247,274396341.0,40604.47368421053,0.048582995951417005,45.14977544367247,91252362.0,43748171.0,1110916.3603238866,4.86
47.0,21,252,372794631.0,31766.22619047619,0.05555555555555555,44.60727616790771,102872814.0,62670627.0,1479343.7738095238,5.56
47.0,22,232,165581072.5,20026.271551724138,0.04741379310344827,43.246484450767085,118898485.0,20297147.0,713711.5193965518,4.74
47.0,23,195,106555409.5,14882.523076923077,0.05641025641025641,44.20706782286611,51322415.0,15598422.0,546437.9974358975,5.64
48.0,18,8,367997.0,4245.125,0.0,36.5070867201759,668072.0,0.0,45999.625,0.0
56.0,16,16,712694.5,32952.375,0.0625,42.82193022441533,370903.0,1.0,44543.40625,6.25
56.0,17,18,174122.5,4322.277777777777,0.0,44.88290428223382,192643.0,0.0,9673.472222222223,0.0
64.0,0,57,1579265.0,9997.929824561403,0.17543859649122806,39.07525669025406,1945376.0,7339.0,27706.40350877193,17.54
64.0,1,19,1115908.5,3763.5789473684213,0.05263157894736842,42.02799213260487,1015091.0,107371.0,58732.02631578947,5.26
64.0,2,13,84754.5,390.9230769230769,0.0,34.05165076234671,159345.0,0.0,6519.576923076923,0.0
64.0,3,15,193046.0,9618.0,0.0,37.92900680473872,97552.0,0.0,12869.733333333334,0.0
64.0,4,12,58484.0,4258.25,0.0,41.489692335574844,14770.0,0.0,4873.666666666667,0.0
64.0,5,22,93653.5,784.1363636363636,0.0,29.298317782848837,152805.0,0.0,4256.977272727273,0.0
64.0,6,27,918778.0,2967.1111111111113,0.07407407407407407,39.263959725506254,1173202.0,50413.0,34028.81481481482,7.41
64.0,7,44,17083085.5,9489.931818181818,0.09090909090909091,44.24467770239205,2784947.0,3054611.0,388251.9431818182,9.09
64.0,8,50,760058.5,4039.66,0.12,39.961141400226275,540371.0,57578.0,15201.17,12.0
64.0,9,51,778446.0,2108.843137254902,0.1568627450980392,39.786687166307026,1324930.0,1686.0,15263.64705882353,15.69
64.0,10,35,1352827.0,7060.571428571428,0.08571428571428572,40.2294640374575,2180544.0,3087.0,38652.2,8.57
64.0,11,31,68402220.5,29606.58064516129,0.0967741935483871,37.98276843862497,1849253.0,13311958.0,2206523.2419354836,9.68
64.0,12,19,522898.0,2906.2631578947367,0.05263157894736842,36.0794704956801,935228.0,13.0,27520.947368421053,5.26
64.0,13,44,2132715.5,5063.704545454545,0.06818181818181818,36.36874206663815,2616605.0,120322.0,48470.806818181816,6.82
64.0,14,38,988094.5,3017.3684210526317,0.0,37.456741957218505,1746869.0,0.0,26002.486842105263,0.0
64.0,15,58,1150637.0,7992.3448275862065,0.06896551724137931,37.96271543911646,1075722.0,29844.0,19838.568965517243,6.9
64.0,16,7,153152.5,18562.14285714286,0.0,28.082087246481592,46435.0,0.0,21878.928571428572,0.0
64.0,17,12,390802.5,9690.166666666666,0.16666666666666666,31.497974151505996,478441.0,7060.0,32566.875,16.67
64.0,18,26,283373.5,5194.038461538462,0.15384615384615385,37.752328753112764,283437.0,1322.0,10898.98076923077,15.38
64.0,19,19,1196566.0,47297.15789473684,0.15789473684210525,44.56858771946888,577800.0,1804.0,62977.15789473684,15.79
64.0,20,38,983395.0,17711.236842105263,0.15789473684210525,43.70217179997375,579716.0,4102.0,25878.815789473683,15.79
64.0,21,56,682498.0,5859.607142857143,0.125,41.78429963242319,332050.0,37667.0,12187.464285714286,12.5
64.0,22,80,2354379.0,6635.525,0.1875,37.532235978318155,3523064.0,12401.0,29429.7375,18.75
64.0,23,96,190061151.5,35800.354166666664,0.25,40.3437076886608,6172735.0,36707590.0,1979803.6614583333,25.0
80.0,0,45,41358793.5,86828.84444444445,0.2,40.756264171715195,349831.0,7455316.0,919084.3,20.0
80.0,1,31,30646447.5,65285.032258064515,0.3870967741935484,44.782343301684726,56536283.0,70894.0,988595.0806451613,38.71
80.0,2,45,10865402.0,14986.422222222222,0.1111111111111111,43.92113511105078,988306.0,1939372.0,241453.3777777778,11.11
80.0,3,43,1468155.0,17538.302325581397,0.13953488372093023,40.743802536702006,801496.0,62652.0,34143.13953488372,13.95
80.0,4,14,73912.5,3481.714285714286,0.35714285714285715,44.40415734144937,47667.0,267.0,5279.464285714285,35.71
80.0,5,23,554906.5,13445.478260869566,0.2608695652173913,44.19089918737502,489921.0,140.0,24126.369565217392,26.09
80.0,6,24,12072080.5,48665.375,0.08333333333333333,43.91724125512002,358703.0,2144952.0,503003.3541666667,8.33
80.0,7,39,1087579.5,6382.74358974359,0.20512820512820512,42.0400976077673,488605.0,118870.0,27886.653846153848,20.51
80.0,8,51,1211932.5,5401.470588235294,0.09803921568627451,42.36913758495849,1309125.0,56379.0,23763.382352941175,9.8
80.0,9,36,1365971.0,13304.583333333334,0.1388888888888889,40.52349475846043,1361412.0,41260.0,37943.63888888889,13.89
80.0,10,37,4285151.5,25356.162162162163,0.21621621621621623,43.13855249414544,6522577.0,17137.0,115814.9054054054,21.62
80.0,11,48,5806339.0,10362.875,0.1875,42.778680546467406,2817732.0,780011.0,120965.39583333333,18.75
80.0,12,42,3518128.0,17549.595238095237,0.07142857142857142,38.327998784483924,4872010.0,69008.0,83764.95238095238,7.14
80.0,13,30,58787184.0,86051.36666666667,0.13333333333333333,41.92849285773401,3022886.0,10938840.0,1959572.8,13.33
80.0,14,15,1301775.5,28867.533333333333,0.13333333333333333,46.84863990087286,1734035.0,349.0,86785.03333333334,13.33
80.0,15,20,152717.5,2050.7,0.05,42.81759778901506,196037.0,2737.0,7635.875,5.0
80.0,16,25,1060675.5,6804.56,0.16,43.455492934372124,1740193.0,4093.0,42427.02,16.0
80.0,17,51,6744811.5,12286.392156862745,0.09803921568627451,40.77115253558536,12229461.0,695.0,132251.20588235295,9.8
80.0,18,34,1707484.5,11431.617647058823,0.11764705882352941,41.700272908169715,2568439.0,6918.0,50220.132352941175,11.76
80.0,19,30,986728.0,11457.166666666666,0.06666666666666667,39.34184396917915,1028246.0,25778.0,32890.933333333334,6.67
80.0,20,34,143322.5,1835.0,0.029411764705882353,33.910242941784354,161775.0,9.0,4215.367647058823,2.94
80.0,21,24,82249803.0,130685.70833333333,0.16666666666666666,38.95220797782118,118647702.0,3957899.0,3427075.125,16.67
80.0,22,25,1577926.0,12421.88,0.08,40.81698422955688,2165958.0,36880.0,63117.04,8.0
80.0,23,51,3519297.0,9847.745098039215,0.13725490196078433,42.3074740666248,2204674.0,382945.0,69005.82352941176,13.73
