hour_bucket,instance_id,cluster_size,user_id,query_id,query_type,feature_fingerprint,execution_duration_ms,queue_duration_ms,compile_duration_ms,mbytes_scanned,mbytes_spilled,waste_pct,cost_score
2024-05-04 14:00:00+00:00,179,47.0,17,11013,ctas,UNKNOWN_FINGERPRINT,6000702,0,3250.0,24250.0,636208746.0,0.054131012373183525,3187056557.0
2024-03-13 06:00:00+00:00,183,35.0,0,325896,insert,fa3f3ac0111e5bf9ab28523bf4529cf7957e4059bfa137fcbba58b844ad708b6,7658173,863905,7658115.0,164493262.0,352085501.0,52.669458269131894,1850332309.0
2024-03-02 03:00:00+00:00,183,35.0,0,665659,insert,5edcb85d65d3106b1f66016fd58f2d0f4b7c05c2c98d564c2829770b8f1ea914,6797175,0,6797128.0,162416088.0,345052793.0,49.99982713346907,1813269184.0
2024-05-21 18:00:00+00:00,32,35.0,21,215056,unload,64ec0fe416d81f2d6952a9bce9a649ca7616bedfc581fe67ae18b93007c22b6b,8211243,0,8211098.0,97521178.0,163096731.0,49.999558528226885,872455487.0
2024-05-29 14:00:00+00:00,110,42.0,30,477595,unload,3cc5659660f2c75ef1da479fb05a73aaf6f8427afe776b72c5dc260aa806626f,3891289,0,3891283.0,734991.0,165305616.0,49.99996145233221,830786864.5
2024-04-26 17:00:00+00:00,183,35.0,0,415572,insert,9c26961d3385fa495411bbfb354fd8977a246ad69d868e4c8853f2cab2346073,1762577,0,1761952.0,18479.0,124755557.0,49.99113356706669,625549601.5
2024-03-23 04:00:00+00:00,183,35.0,0,663702,insert,146cd4accb3f897f1e45b73d9a31d65acc76517a886d86302fb2f453f9fe32a6,4039329,0,4039322.0,16273387.0,122280457.0,49.99995667593513,623578307.5
2024-04-14 17:00:00+00:00,183,35.0,0,352226,insert,6b9bee5e2fe3c2be44b199fb4733dffd25c3edc234b6e9612b3dc394e6c1fdd3,1740381,0,1739721.0,16860.0,121196718.0,49.99051751931409,607732401.0
2024-04-11 14:00:00+00:00,32,35.0,2,133940,ctas,ec8cf3bf2521c33ac2feb8b01492c1b3586a4012abb2808005bfa0f39070d2dd,2612173,0,2612167.0,15922921.0,112628627.0,49.99994257647856,573716768.5
2024-04-19 03:00:00+00:00,183,35.0,0,121833,insert,51d04a69ce9d9daad5e456e43cd5e6e757872b2798afc82c30d95aa7617ae512,5503616,0,5503605.0,15125745.0,102571583.0,49.999950032801195,525924403.5
2024-03-01 14:00:00+00:00,183,35.0,0,456786,unload,f96e31b4d94b9bd60a22641286f418a4dd34fde07e9ddb6c9cb77082c4254219,7107097,156364,7101222.0,21590950.0,91721105.0,50.52381594498117,476508097.0
2024-04-14 23:00:00+00:00,183,35.0,0,494663,insert,d8abf0dad5db8a82be0982807e028a80f30b3f1d767b2db72c353678bc027804,5618800,10415,5618783.0,110143301.0,79323824.0,50.046221558716496,457309570.5
2024-03-30 04:00:00+00:00,183,35.0,0,507077,insert,036b2121eb68f49c358c28b6955497a8084bc9e5f9a425484c942276fea19b6a,5648457,0,5648439.0,108292703.0,75643098.0,49.9999203320983,438010298.5
2024-04-17 11:00:00+00:00,156,32.0,0,3160199,ctas,UNKNOWN_FINGERPRINT,3600019,0,69.0,6896609.0,85701289.0,0.0019166198159600543,435554768.5
2024-05-27 15:00:00+00:00,11,17.0,0,3238355,update,c66f593b21c5bab6b94293a05d4405791c731f98b322b532a9c14797fd2f5598,31461359,40009,31461353.0,2176352.0,67768799.0,50.03176721031481,371393530.0
2024-04-23 21:00:00+00:00,183,35.0,0,50231,insert,bf9c97bc2d1306e7c48a604b473f8e629cf6a5af8adec0af61b5c5622f65c106,4270728,0,4270722.0,81477459.0,63845764.0,49.99996487715786,364238277.5
2024-05-06 01:00:00+00:00,183,35.0,0,249984,insert,c38f932739cd0b2701c90ea38ca57933372d99dc917f16db2763947b47a8f996,3881167,84870,3881148.0,82752323.0,61762879.0,50.54064610430365,354071723.5
2024-04-08 00:00:00+00:00,183,35.0,0,174003,insert,804f0bf751f9fb3ef637f4209f7c8802441a9f2423827649f9e931d2827a7655,5118097,416196,5118090.0,80150912.0,60210080.0,51.95350185963085,346243953.0
2024-04-29 20:00:00+00:00,32,35.0,0,205609,unload,8058badaecbc76ace0c70328563fbba39f72db4ba279eefe1159d2293086e357,1583707,0,1583578.0,29640948.0,63175488.0,49.99796355553731,332281621.0
2024-04-28 12:00:00+00:00,50,36.0,21,474296,unload,2ee4eb4130b6f2e8b4e7781a4ffa456249243e72f2ccf3bdd643bd0dbfc6b6d1,7210024,0,2.0,317503.0,64286730.0,2.773915100999636e-05,328802425.5
2024-05-25 03:00:00+00:00,76,11.0,1,126745,ctas,596e3f47e078e22023c53f3a82b7d60d8c6583e24b1ca3a4e80ca1450e2b4374,2339742,0,2339737.0,1854981.0,54527564.0,49.99994657524908,275905052.5
2024-04-07 13:00:00+00:00,179,47.0,0,391365,ctas,a5673d2e9da256c562a2d28085d8787edfa943aa74621dd6e33036fe6511cf88,1746417,0,1746411.0,21794694.0,51402678.0,49.99991410971282,269657154.0
2024-04-26 10:00:00+00:00,183,35.0,0,526679,insert,3f27860c722a6208fb2754871852450d6241383c9ab8cb3786203fd87c2a9f51,5340022,354611,5340010.0,444188.0,50615644.0,51.606753385678175,258640336.0
2024-04-06 18:00:00+00:00,32,35.0,2,102183,ctas,8fd237030b79cbf19a9964015fc744be7110f78d47d5dece712a13b7cfb15491,405449,0,405426.0,1897534.0,50550160.0,49.9985817789425,254105016.0
2024-05-17 21:00:00+00:00,179,47.0,17,427002,ctas,4dc6fb9ce6d36a6d6703313ea9ffe30d33955d4bf829fc6e50231a4d12257a7f,2252970,0,2252967.0,15090125.0,48314310.0,49.9999667105865,251369582.5
2024-04-26 20:00:00+00:00,50,36.0,56,839999,unload,ef9a4c03451c6ae782729f72fbd9b651e41d3c45a145beffc0a5db1f6505e107,908684,0,899556.0,7396849.0,48520899.0,49.74759987612264,247211603.5
2024-03-10 03:00:00+00:00,11,14.0,0,2481515,copy,f7a468c7844e9c9ebb7568636d2ab3ab5994977d95df4a6bca912cc11e1ed486,13635148,2070,13635131.0,0.0,45586638.0,50.00376388553842,241568338.0
2024-04-06 09:00:00+00:00,11,14.0,0,1179775,copy,f7a468c7844e9c9ebb7568636d2ab3ab5994977d95df4a6bca912cc11e1ed486,13962915,0,13962903.0,40120.0,43901999.0,49.99997851450582,233492970.0
2024-03-27 18:00:00+00:00,137,6.0,0,295522,ctas,0fcd513d431ba38c882c631bf0fe482a2b9bd8bb7c0c554d659b6b6e34313335,2455071,0,2455050.0,584747.0,45819798.0,49.99978615598271,231846434.5
2024-03-21 18:00:00+00:00,137,6.0,0,61850,ctas,296243c386d0a2ad89fc8a36aad01447f9bbe254f88fd37ccbed6a70902eef55,2617599,0,2617580.0,578465.0,45600091.0,49.99981853533566,230907286.5
2024-03-06 20:00:00+00:00,137,6.0,0,106931,ctas,7ec6ae3f5eb187af865af7dabd54bbda764555b8d5c7560d4f81204222a013eb,3149684,0,3149663.0,547870.0,44762433.0,49.99983331605641,227235784.0
2024-03-23 18:00:00+00:00,54,8.0,7,1723503,insert,2ab2a31b737872b041838e5ba950b387b8dcc83f184b6a4b1a674b8980ceabfc,2491411,0,2491391.0,1105032.0,43210342.0,49.999799309705665,219095637.0
2024-05-26 04:00:00+00:00,11,17.0,0,2277782,copy,f7a468c7844e9c9ebb7568636d2ab3ab5994977d95df4a6bca912cc11e1ed486,9498722,0,9498712.0,55460.0,41421662.0,49.999973680656026,216634762.0
2024-05-23 00:00:00+00:00,11,14.0,0,3338946,insert,9f5804c6f2a9265ee6a72c542919aac80f36639270a4cccc906ce85276b7a943,15955821,450150,15955811.0,3104423.0,39656315.0,50.69548086072639,215789607.5
2024-03-21 04:00:00+00:00,183,35.0,0,593779,insert,8960bb013ee27cc43d3a18f6968fcb50448b47ee8b1c6fa865b41aafcc1cf923,1187009,0,1187005.0,3103749.0,42118390.0,49.999915754498495,213330833.5
2024-03-14 05:00:00+00:00,183,35.0,0,605457,insert,22f07278645ee61534b8efe943d30aee4fd99de765a7dcfb6bcf2191a8896059,774427,0,774422.0,3086127.0,41911324.0,49.999838589817344,211874110.5
2024-04-23 07:00:00+00:00,11,14.0,0,1880431,insert,d296d9be47977b4ec96ccf2bd628ce644b0b709ef3f2f10f5379a2191b0ffeaa,7985111,282004,7985095.0,3303508.0,40293431.0,50.86753739952905,211104020.0
2024-04-20 05:00:00+00:00,11,14.0,0,1058635,insert,92121a00612fa2443d9cc23fadd89c5b63eb6bd1dc816e9bc0bebd95d1f05ee1,11090196,98142,11090186.0,3281781.0,39177743.0,50.22023900685701,208619801.5
2024-04-25 15:00:00+00:00,183,35.0,0,206330,insert,a18228eea7b27561f4737ffcf602c9fedfac9cd67a91d07d058744133cbdf68c,2336288,326042,2336268.0,2971400.0,40445587.0,53.26113442209195,206049923.0
2024-04-27 15:00:00+00:00,183,35.0,0,664874,insert,d57818b031a5035f3e921f35f75b3abe4f8ad7a3d216f8d97e925248c1f7362a,2397429,244677,2397424.0,2849264.0,39543183.0,52.42752796391728,201537976.0
2024-04-27 11:00:00+00:00,179,47.0,2,536354,unload,4d403cb5744ab8f3f08fb0c301303f3fb6296149ac61597d1c91d788e2ea8fb8,6000003,0,2278760.0,24579797.0,35233599.0,27.525368222281514,194457896.5
2024-05-12 18:00:00+00:00,183,35.0,0,511948,insert,9ef565b6c803947d5dc57d6a5e29fb0295d48cfd77993c6c0dc922962f9b3291,2873733,0,2873716.0,11477.0,37862648.0,49.999852108300566,192192711.5
2024-04-01 18:00:00+00:00,110,42.0,7,496495,insert,e7bd4a905eae3bb90cf71ae9a48ee7812418afc126ad212eed0e92290bcf86d2,2622372,0,2622368.0,4779635.0,36805399.0,49.99996186655583,189039184.5
2024-05-28 23:00:00+00:00,156,64.0,0,2889297,ctas,088938dfdb0764f34b7d290b2caf8ee93c197c8b99d333e371361cb0974a2fbd,2036650,0,2036621.0,4791830.0,36637452.0,49.999644020739105,187619825.0
2024-03-20 09:00:00+00:00,183,35.0,0,517341,unload,c3c7f2da8fc1dd152065d48c3bf2245331285ed749180ad09779dd7f47762013,3037643,0,3037636.0,2246411.0,36662515.0,49.99994238947709,187473423.5
2024-05-25 23:00:00+00:00,11,17.0,0,3064181,insert,04aaa87177b6056b66ba25d3950d288a7ba7500a61a084ae94270a291c7b0e79,7079269,0,7079262.0,1740028.0,35467049.0,49.999975279921344,185284528.0
2024-04-25 07:00:00+00:00,11,14.0,0,1982447,insert,71620fd67e9894c10185c6ffb0597cf7ed4726586f1b4674fedcb49a2829e975,8954659,0,8954652.0,2244035.0,35001944.0,49.99998045709296,185086396.5
2024-04-05 11:00:00+00:00,11,14.0,0,1115653,insert,abd2ae2d10d80257ef79ea20ff133bba9305bd7dc1240ac248521aae5e8d69d8,7992439,210979,7992430.0,3237917.0,35054491.0,50.65130890336832,184883852.5
2024-05-15 17:00:00+00:00,137,6.0,0,356514,ctas,5e9a4fc51142f99047af1cbf1236bb0c4bc6aea642a0c932ff485a40fa256daa,3320798,0,3320784.0,404658.0,35299761.0,49.9998946034243,180021932.0
2024-05-03 05:00:00+00:00,32,35.0,2,447192,ctas,bc8be2e313325055714808eb2fda0bbaf7c6f85c8da84320173bd9c92c99e0aa,389631,0,389613.0,1900644.0,35724388.0,49.998845034417975,179961893.0
2024-05-07 17:00:00+00:00,137,6.0,0,435766,ctas,42fb6b9454a75d37c68a5010f3e58c15d4642a5296813015bf42abda88069544,2991590,0,2991574.0,457035.0,35141431.0,49.99986629148056,178927262.5
2024-03-20 16:00:00+00:00,183,35.0,0,521248,insert,64d27b3fdfea38d59cecc66ef7ef2dbcafe77d61b81a528d1437e02c7bec69cf,3065079,0,3065070.0,11511.0,34845085.0,49.99992659232264,177296259.5
2024-03-17 08:00:00+00:00,50,26.0,6,833647,unload,cc8052a1111cc1da60122a8492d4001585302b7e2767853bc243880b65e6757c,5493841,0,2466062.0,6604202.0,31092945.0,30.98105592492773,164260667.0
2024-05-17 17:00:00+00:00,110,42.0,202,233901,select,f3c031f3fc597bfdb892949e00c468aad516f5e750d5d6425ec093de98cae53d,2445130,15737,1074242.0,49473.0,32273801.0,30.832967243725722,163838871.5
2024-05-22 05:00:00+00:00,50,36.0,6,1142365,ctas,9a1928b533455474ff173d87199b5c50fd752dfff9063e92ce18130d76dfcaff,1105599,0,1105595.0,746361.0,32333544.0,49.99990955112939,163146499.5
2024-04-29 20:00:00+00:00,110,42.0,121,111115,select,f196ccb447f2d88b0119a79e3be38fdf5323dd948f895ce484559141fc6b1119,1962969,157027,924250.0,49081.0,32193152.0,35.51871300808148,162953269.5
2024-05-14 22:00:00+00:00,110,42.0,23,268939,select,cc464e69778c230fa26e0131cb2ddd3a468dc9887d81a9dfc6ff88b036fe32df,2307764,15701,1556458.0,208670.0,31792862.0,40.52036599695406,161376409.0
2024-04-20 08:00:00+00:00,183,35.0,0,444697,insert,4e3a2c242d65d3a6e7f26ac4b7fbeca73a4a53cffa857cbe362c82aece737a56,686611,0,686606.0,12489531.0,30454152.0,49.999817945743466,159202136.5
2024-05-06 14:00:00+00:00,110,42.0,31,668606,unload,af33d8a9ff62024c09bc762216a98917ed49f003a2d07f62d14319791317fa6a,2212464,0,2212412.0,336404.0,31232399.0,49.99941241291281,158542661.0
2024-05-02 15:00:00+00:00,54,8.0,2,868995,insert,75bb0374beaeeb2be67d36f33cd818ed2fa547e569966e8225c8b6667dec959c,2686173,0,2686170.0,21040.0,30350860.0,49.9999720792213,154450993.0
2024-04-06 07:00:00+00:00,11,14.0,0,1072448,copy,f7a468c7844e9c9ebb7568636d2ab3ab5994977d95df4a6bca912cc11e1ed486,5597708,4880,5597695.0,42480.0,29098821.0,50.02172712957342,151113053.0
2024-05-20 05:00:00+00:00,183,35.0,0,259586,ctas,b2ec3d7bdba3ee230af4d24e1923fff61590a6c9b4ccfa492826babda0da8f9f,361873,61155,361869.0,23986569.0,27686577.0,53.89547927944685,150788042.5
2024-03-25 00:00:00+00:00,110,42.0,51,469222,unload,5dbf7191888c4133e03e39684a02df3e313c054994a8d7836a37effc97a0188c,1573654,784387,1572681.0,0.0,29145686.0,59.96526846721798,147302084.0
2024-05-29 14:00:00+00:00,11,17.0,0,387487,insert,3872e1015370a0f98a9f1a015950d14bf6734a6ab0454cd035d95477fbcda1ca,7292014,627609,7292000.0,2512294.0,27397170.0,52.062879812364535,145534011.0
2024-03-30 04:00:00+00:00,183,35.0,0,220156,insert,010907c4d021075352ce7f067200d5ee86e34c513e483751e8e31ada7ed96ed7,1298415,2936462,1298398.0,18897051.0,26784454.0,76.53442129661005,144669210.5
2024-04-03 14:00:00+00:00,155,4.0,1,133862,select,9767abc100d61494a3ad81d2c0bdede5490ad5bcede90877aef9df49e1751739,11486275,0,11211529.0,6598982.0,25206278.0,49.39477404950717,140817156.0
2024-05-30 22:00:00+00:00,183,35.0,0,683208,ctas,40961810c13a7f8ccf84b8e8420d05988a68d5317dbaca0763e5bdc77a8c451b,237748,0,237728.0,24286661.0,25305454.0,49.99789684442538,138908348.5
2024-04-20 00:00:00+00:00,110,42.0,50,64416,unload,07c4d43ce2611a1f7fe3315d7fde0c2a77991299bcef80232e385dede43670aa,3449868,529213,3449850.0,4502122.0,26620688.0,53.56171702227414,138804369.0
2024-04-16 18:00:00+00:00,179,47.0,2,94173,ctas,7207eecad26a165278da3aa5d728e8b947b15fd6dce7ffee6987e4a4e39837fc,325226,0,325213.0,2683013.0,27423213.0,49.99900067492878,138782797.5
2024-04-02 00:00:00+00:00,110,42.0,50,191337,unload,a4726f825b5987deb547a4dcd97b3f36176a199748933b6a730f09204ec45e82,3481938,120719,3481816.0,4502046.0,26446290.0,50.851135998401006,137964411.0
2024-04-28 07:00:00+00:00,98,12.0,20,1173756,ctas,ef252efe1e19fe06801f9b853f2430301d53e69da6a1121f173c0efe5a843158,4991184,0,4991181.0,115011.0,26351268.0,49.999984973500766,136805029.5
2024-03-10 15:00:00+00:00,32,30.0,2,42130,ctas,dfaa89aa0a3a638e5fea771fa8e2e716703eb60a0db7c832aefeb1d6b0726d42,2190909,0,2190902.0,2870862.0,25735758.0,49.99992012435041,132305130.0
2024-05-27 22:00:00+00:00,183,35.0,0,519282,insert,28ab4d71795e3af522e26bb518ed83cecdc1ac76ed59ee3f578fb3f264a135e2,1012933,0,1012927.0,17135687.0,24211843.0,49.99985191474238,130639991.5
2024-04-09 14:00:00+00:00,32,35.0,2,32811,ctas,517e7dffc4879f9725344e34eedb2c759704b5bbc34551291f73bd5d3321f93d,3825272,0,3825264.0,2884569.0,24683714.0,49.99994771608159,128686126.5
2024-04-02 03:00:00+00:00,179,47.0,0,415781,ctas,dddc03e89eb28a4b0afb089ac8725ad5c8423d2af96d7cf47716b21509c10c29,1853825,0,1853820.0,240528.0,25275120.0,49.99993257175377,128349689.0
2024-04-27 02:00:00+00:00,183,35.0,0,607462,insert,13cbd436a4f829da234f6e335b03d43d69a9255bc47c74025f1ea2b4142c9d1f,1825088,66097,1825068.0,55207740.0,19208609.0,50.88902720024713,125472003.0
2024-03-18 20:00:00+00:00,32,30.0,1,753778,copy,85a845606fe86ebef72437453107d02bcb91fcdc5f49df4800b52b7539d3f292,3080500,0,3080496.0,0.0,24469331.0,49.99996753771631,125427155.0
2024-03-11 15:00:00+00:00,179,47.0,2,554713,ctas,0c4d6b9afb620da38042d270868cd88b5e300f10dc4658241930697639b5a257,5320088,0,5320083.0,1799741.0,23599200.0,49.99997650413701,124215958.5
2024-05-24 20:00:00+00:00,179,47.0,269,414419,unload,4529070b8e1715c349592af96d4814abd82a7681bb45bb77226606437362eda8,2592434,0,2592380.0,8165979.0,23362691.0,49.99947924843591,123488878.5
2024-04-02 08:00:00+00:00,32,35.0,1,394275,copy,85a845606fe86ebef72437453107d02bcb91fcdc5f49df4800b52b7539d3f292,4673787,0,4673784.0,0.0,23567570.0,49.999983953050474,122511637.0
2024-05-21 22:00:00+00:00,183,35.0,0,101963,insert,a57f02ef920afc04535ea181ec7bdc110d00c895c4f596cbcb4e0bc69ab5f5e5,829330,0,829324.0,13451052.0,22893468.0,49.99981913045156,122022196.0
2024-05-20 04:00:00+00:00,183,35.0,0,199548,insert,d1c29be65b22cad086f3700cb1d4de3bc9aa109415f4f8c272a81de79983e026,1376411,134397,1376404.0,13748312.0,22743536.0,52.32733169576741,121968247.0
2024-04-13 14:00:00+00:00,179,47.0,2,93318,ctas,606850685a1073473637728173f30bc9d9ae781c385cc309c5ec997ba6f76a72,2434852,0,2434841.0,14689247.0,22232809.0,49.99988705653519,120943520.5
2024-04-09 06:00:00+00:00,183,35.0,0,456253,insert,03f300f1e4ac62ea4786955086c8eea981e2b23bdeba9c5717f85747512d0dc2,689220,0,689216.0,1033705.0,23325904.0,49.9998549080262,117835592.5
2024-04-03 03:00:00+00:00,32,35.0,1,152284,insert,a1f4811c458ad82d4f74f200529dc4c6d5752783b6c0345bb753446b239417cd,1775861,0,1775855.0,6483038.0,22533991.0,49.999915533787046,117687335.0
2024-04-22 12:00:00+00:00,32,35.0,2,714363,unload,29160a79a976132563352e212f9538b2dbc19351a0a8070dc264c4df445a7ce8,1391300,0,1391202.0,16606131.0,21443318.0,49.99823899497646,116910955.5
2024-05-18 23:00:00+00:00,183,35.0,0,162410,insert,1bcee0a21a4003b816f1d6e278e428d435d1b916de1b681bbd572871a2cdf48f,565180,32750,565172.0,13586998.0,21689538.0,51.407529176288925,115806369.0
2024-03-13 13:00:00+00:00,179,47.0,0,143515,ctas,9ae5d71030c27dd4c04a4654acc6ceb05a8e5e6c7725678ac964575a9d4c4398,1071815,0,1071803.0,10176668.0,21842896.0,49.999720099383374,115374629.0
2024-05-21 05:00:00+00:00,183,35.0,0,32491,ctas,e7286ffd1e6d00848f24d5ef11ca81cdc61a2fd3bea88fc9ed89a5c66e05a87e,435699,45432,435694.0,17619628.0,20437988.0,52.47740844763177,111435453.0
2024-03-10 03:00:00+00:00,32,30.0,0,44538,unload,e27f6272163af6256f2aff4a02791b59da793f4c2e0edcdf3527f61015f70b27,3713300,0,3713140.0,9870300.0,20363798.0,49.99892276784031,110467440.0
2024-05-02 02:00:00+00:00,32,35.0,1,6378,copy,85a845606fe86ebef72437453107d02bcb91fcdc5f49df4800b52b7539d3f292,2269194,0,2269190.0,82320.0,21454176.0,49.99995593145049,109581234.0
2024-04-19 19:00:00+00:00,183,35.0,0,297946,ctas,ae56c46bdafedfa2e8b087d4161daf88a164a2ab627957bdc1446dab772696a5,1276025,0,1276020.0,1431153.0,21272938.0,49.99990203934492,108356291.5
2024-05-27 09:00:00+00:00,179,47.0,2,88152,ctas,15963a2a199aa3ed6cdb5b880728099ae87294fc9b9f081b9710614fae1ce3fd,763511,0,763507.0,5750503.0,20942912.0,49.999869025774416,108353322.5
2024-05-21 02:00:00+00:00,183,35.0,0,276545,ctas,a6d1bb8aacdabe6c6a5b89632e28a38a388ffec71fae50ab27c159b0cffc909f,348872,389425,348856.0,17617560.0,19814312.0,67.90957666492204,108229212.0
2024-05-13 07:00:00+00:00,183,35.0,4,350622,select,0e9abcf0ddb7afbab6cb0715116355923a9f1298ae244fee1e7231c02b9bc0d7,713659,155396,512337.0,11922329.0,20214340.0,48.33769125635591,107746523.5
2024-03-13 12:00:00+00:00,179,47.0,0,107535,ctas,7204036dbabed52aaef98a733821f322a3e780a90ac3399af963b7f88605b668,1635923,0,1635918.0,5854936.0,20347476.0,49.99992359041897,106300771.0
2024-03-28 02:00:00+00:00,183,35.0,0,320458,ctas,08414e545fe378a82ce88f2f47045b56a9a2b37e7f432453be60f7f16e5168ba,382385,24134,382373.0,16460475.0,19490434.0,51.52885312564964,106064792.5
2024-05-05 18:00:00+00:00,179,47.0,323,403851,unload,6c8981c410561cddf2969abffbd94c75c4070d710bc5a9964884f44bb6f6ec1d,801548,0,801483.0,17573048.0,19134284.0,49.99797259067355,105259492.0
2024-04-08 06:00:00+00:00,181,4.0,0,3858030,select,ac4f71318bf196e4510b22f65d60d4e9d6b6d20d189134d5f84cfbbfe3cdf1a0,103865692,0,4.0,0.0,0.0,3.851127132484627e-06,103865692.0
2024-03-29 17:00:00+00:00,32,30.0,1,315332,copy,85a845606fe86ebef72437453107d02bcb91fcdc5f49df4800b52b7539d3f292,5776048,0,5776041.0,0.0,19337195.0,49.99996970244949,102462023.0
2024-03-19 03:00:00+00:00,32,30.0,0,653669,unload,623317e4c4c580e6496cd25ff342870cfa530bb8eebc3253b0e333905d9e812a,1663730,0,1663605.0,10208627.0,19069509.0,49.99812161985493,102115588.5
2024-05-22 17:00:00+00:00,183,35.0,0,230474,insert,29ed1c5a73cc25de20d649f2165c19590db68a024ad32889e2dfc80b01c10b85,1054104,0,1054100.0,8985758.0,19148529.0,49.99990513252038,101289628.0
2024-05-01 16:00:00+00:00,54,8.0,2,16018,unload,67df356807a5bd8282e4a516e4b6067f094b314cb8ed22ea6524c8a11e92650c,1614053,0,1614026.0,1220282.0,19774424.0,49.999581794621506,101096314.0
2024-04-29 20:00:00+00:00,32,35.0,0,178509,unload,35225b3c14c64018eb96ef3ac6c97f2c09293431e2be90e897c41a37240d8b3f,622754,0,622601.0,6940090.0,19280662.0,49.99385717325582,100496109.0
2024-05-16 17:00:00+00:00,183,35.0,0,320057,insert,c68cb693f50503c91486b036101c8c9a699820d8bb463477303ad24e04129c94,939264,0,939259.0,3745231.0,19245281.0,49.999866916721274,99038284.5
2024-03-28 21:00:00+00:00,183,35.0,0,278704,insert,ca51b2872e9639468ea45b78f20184b3d2f7b709b6c564b1e67807d2f30b8086,1915037,73137,1915033.0,2240499.0,18774807.0,50.93683219977828,96909321.5
2024-04-14 17:00:00+00:00,156,32.0,0,1312395,ctas,UNKNOWN_FINGERPRINT,3601221,0,2908594.0,8964727.0,17623779.0,44.68013299917125,96202479.5
2024-04-08 06:00:00+00:00,50,36.0,77,895760,unload,24aa60d7d46e6b18b14799406b4daacd9f9548aa653a04187cb0abcf2ec2cf1c,907430,0,43754.0,3673913.0,18615662.0,4.599951218691651,95822696.5
2024-03-26 09:00:00+00:00,32,30.0,0,105035,ctas,ffb2723328ec73fbfa95f497873bf4b0ef25a07fe6aa4e34efd16d9a3e43a5ea,3015124,0,3015118.0,2470509.0,17744399.0,49.99995025075279,92972373.5
2024-04-20 01:00:00+00:00,183,35.0,0,628455,ctas,5839e0a4ad2a69cb2e4b8d0d00bfc28c7dfafa63f409575a2bb450c9c3bf839d,1177052,0,1177045.0,27788656.0,15371763.0,49.999851323033845,91930195.0
2024-04-10 21:00:00+00:00,183,35.0,0,353583,insert,8b28aa30aaca7ab3022aaab0f7e4f6a694260b8b473907ac411025aedc37f356,1243376,0,1243369.0,8294304.0,17273190.0,49.999859253763454,91756478.0
2024-04-17 11:00:00+00:00,183,35.0,0,487099,insert,ab25b3f437d5dcdf615bded5dd361a08c6ca54c4b63c650150c10b73d6305e05,439367,0,439362.0,16688990.0,16462446.0,49.99971549817976,91096092.0
2024-05-07 20:00:00+00:00,179,47.0,42,132878,unload,31fcfb17124d276377e378729e0cd81e47abc049b097af4fff03d2ae56817711,427029,0,426964.0,6856581.0,17426427.0,49.99619434819723,90987454.5
2024-04-13 13:00:00+00:00,54,8.0,2,308836,insert,f9c15e817b74529218618820ed11787748146b9e05e7aacbf048063782e05eff,1950964,0,1950960.0,20992.0,17741942.0,49.99994874323539,90671170.0
2024-03-16 01:00:00+00:00,183,35.0,0,468742,ctas,63dbdcfb9ed091125b1354fb5c623f49e780bc2a958d2407635c085f03506e4b,100317,0,100312.0,16133087.0,16465879.0,49.99875391892498,90496255.5
2024-05-26 08:00:00+00:00,11,17.0,0,1837797,insert,b9ab87789f1e09540db3cdfda4f650d4a56365a91a25c1c37e7073a767f6c859,5315991,0,5315985.0,1924767.0,16680049.0,49.99997178323202,89678619.5
2024-03-20 12:00:00+00:00,32,30.0,1,277229,insert,f612fe6595162e154df5c9d44837beef669def2c64f8f91129004375ccb66d31,4763954,0,4763947.0,11052724.0,15834788.0,49.999963265781204,89464256.0
2024-04-04 01:00:00+00:00,183,35.0,0,61122,insert,d7e7c4da8fee1a0e893b5de6796a4d7e57677d67d53ed80e2b1fff33c58f5d2c,979524,0,979519.0,4854529.0,17006290.0,49.99987238667043,88438238.5
2024-04-14 08:00:00+00:00,32,35.0,0,453423,ctas,bfeeaf5bb3a640bf615c67afe327e2cf012838eff9586b6e6f4b6ed0ccb3c5c3,1002105,0,1002098.0,2445930.0,17233239.0,49.99982536699127,88391265.0
2024-05-25 19:00:00+00:00,54,8.0,7,1661571,insert,b06b3c546c2fe22ccf6d27c34ad2e0917f616df4de7ed05b9bb5f523a81a5535,1613622,0,1613605.0,1046541.0,16940664.0,49.999736615986414,86840212.5
2024-05-30 09:00:00+00:00,11,17.0,0,3210349,insert,0edb0ab364d9ab5830dab0607775e97457dc021f4d067c386e699f49697d8520,5176830,525051,5176820.0,1885771.0,16046789.0,52.41316035802437,86353660.5
2024-03-02 11:00:00+00:00,183,35.0,0,698576,unload,fd66b38a180f768851948c724e8f7d2a2999f425292fc15a4047440771756382,1416204,81587,1410525.0,38592.0,16960806.0,51.30501637373656,86239530.0
2024-04-28 02:00:00+00:00,11,14.0,0,3118128,insert,1e667638cf9d1b385042c411fe60e4766f1f42dc4c40705c8c7a134726d0f968,8294071,131930,8294064.0,1152142.0,15470528.0,50.394505045285406,86222782.0
2024-04-21 19:00:00+00:00,110,42.0,190,165027,select,197246bf6a9798bbd7dccf65244d85231293a481be61cc027d7b73ead6b76823,2659420,0,1364668.0,16524.0,16424441.0,33.91247905115395,84789887.0
2024-03-19 15:00:00+00:00,156,32.0,0,5106319,ctas,84316c984cff95d0a3a444d62de667c412eda1e9850c3476f1fa9c18a8623c2d,1519555,2462,1519547.0,336421.0,16592903.0,50.04034108767726,84652280.5
2024-03-22 10:00:00+00:00,32,30.0,1,684051,insert,4c0052facf042917400d634c2d17ee38f21a15a5bdd84646378701107a4944a8,1802573,0,1802567.0,11060247.0,15245820.0,49.99991678547851,83561796.5
2024-04-02 09:00:00+00:00,32,35.0,2,416142,unload,d0a4c020664ee2fb285b26f5478ef62fb1332ad90dc9db6ec63598d6aa0ee60d,436736,0,436636.0,88010.0,16406044.0,49.99427506263082,82510961.0
2024-04-24 00:00:00+00:00,32,35.0,1,563245,copy,85a845606fe86ebef72437453107d02bcb91fcdc5f49df4800b52b7539d3f292,1770410,0,1770407.0,0.0,16022513.0,49.999957636895665,81882975.0
2024-03-19 15:00:00+00:00,54,8.0,2,1328842,insert,9de02ea8852a0de270d573170d8f5526904450b96aaec0b2c1225007eb05a27c,2068418,12968,2068414.0,20343.0,15934876.0,50.15620029880958,81752969.5
2024-04-28 05:00:00+00:00,156,32.0,0,3087232,ctas,6439af4c860ec072b41cb5c69f1aabc87d35572e7310e2c4d67e34986ec93eb3,1127403,0,1127384.0,2811584.0,15758848.0,49.999578674171886,81327435.0
2024-05-18 06:00:00+00:00,156,32.0,0,1552384,unload,ea9f30a90814b279ad3ccb7fc25e6a69154dfa598e6a996ba376bac5ff08ca97,2431853,0,2431728.0,114548267.0,4268774.0,49.99871493864295,81049856.5
2024-04-03 12:00:00+00:00,183,35.0,0,362745,insert,1a74f3e4b8593901fc06ea4d0c5203351d95fe564af5f3d8b5269147956dbd38,1383378,197277,1383359.0,16564776.0,14207265.0,53.32754838539899,80702091.0
2024-03-01 20:00:00+00:00,110,42.0,53,602490,unload,155fbdbb246c28e87e07c077e760729e1ba5e34dee06143c5aafb677b654d84b,2757800,757268,2757580.0,1675272.0,15415613.0,56.03451684200994,80673501.0
2024-05-22 21:00:00+00:00,156,80.0,0,917772,ctas,4fbb13f5dd6ac31345bbb16478f5d8defe5169525cfa69c6587788ad3dd1940f,2659626,0,2659613.0,116425188.0,3913545.0,49.99987780206905,80439945.0
2024-03-30 04:00:00+00:00,183,35.0,0,414415,insert,dadb89070af6d990033a99b675c8c53f782c3ea4ddb9d9497b1e7d5560944ee5,459400,10079,459395.0,1674444.0,15733580.0,50.5422694574291,79964522.0
2024-05-02 05:00:00+00:00,183,35.0,0,478001,insert,de4084fb0c31fb23d9362ad323db1c1123e39995e1823d30bf47ee1f729a1e40,539306,0,539302.0,1720128.0,15416113.0,49.999814575823656,78479935.0
2024-04-08 01:00:00+00:00,32,35.0,1,189379,copy,85a845606fe86ebef72437453107d02bcb91fcdc5f49df4800b52b7539d3f292,1439927,0,1439924.0,0.0,15396401.0,49.99994791397194,78421932.0
2024-05-26 08:00:00+00:00,33,8.0,0,3210877,ctas,37e0b1c494fdafe0c27bcdb74e28faaf3c7329dc9432d29f092f359429c41254,1945267,346577,74.0,0.0,15232850.0,15.124930298553437,78109517.0
2024-03-18 01:00:00+00:00,183,35.0,0,91781,insert,608d81777b37473880ef8eed88739d61fd0814c4486a017802c5a776424e952c,906953,450139,906930.0,16822674.0,13546929.0,59.94062778541904,77052935.0
2024-05-08 16:00:00+00:00,32,35.0,0,516626,unload,09d8100d6340aa3b99d62faa29e77215da04875ce8b11be6132488223dd5b756,1850717,0,1850580.0,4005067.0,14285774.0,49.99814929739494,75282120.5
2024-03-22 03:00:00+00:00,183,35.0,0,743154,insert,afbacc5db727f0d78af1fc72f67f1ea4548291dc753a54c4dd4b3c63a300edb4,329670,0,329655.0,1651198.0,14744424.0,49.99886247298374,74877389.0
2024-03-12 02:00:00+00:00,54,8.0,7,1759447,insert,7f22db1642e31c0689c6bc51fe638938162888752eb80989a22de78355f3ae78,1862858,862,1862837.0,963427.0,14478935.0,50.011283874096115,74739246.5
2024-03-02 01:00:00+00:00,183,35.0,0,566054,insert,2a0be3eea8ee2b7be24063720c8779e05fcbdfe895a158541316569fd6009ed8,504573,0,504567.0,12688985.0,13454003.0,49.999702717165114,74119080.5
2024-03-04 19:00:00+00:00,183,35.0,0,317045,insert,f81f3abf402a5b51483e99ed9581520c835dd59377a4c94f7cc347d5032b4605,1085592,0,1085549.0,145511415.0,4823.0,49.99900973727639,73865414.5
2024-04-29 01:00:00+00:00,32,35.0,1,233727,insert,552e6e2d3438d879513a8bb7d6568267e5ae375104202984efb8e390855a0e2b,999039,0,999033.0,11436312.0,13420737.0,49.99984985526047,73820880.0
2024-03-02 23:00:00+00:00,183,35.0,0,620534,insert,3680b21b59b6c355b932638a14c6ea28d7a7266c2c660a4765b73885b925da4f,1076735,111224,1076703.0,16779177.0,12698287.0,52.454935880056276,72957758.5
2024-05-05 18:00:00+00:00,110,42.0,26,255128,select,371bf887fc8a0bb66272489d45969b2f0153b69e29224f9cb2bca3ce0cff01fa,1179758,31789,925499.0,0.0,14154903.0,44.79491784453868,71954273.0
2024-03-27 06:00:00+00:00,156,32.0,0,1500795,unload,1ce171eb5a4f6662a974bb3fb9eb6a79522607ab215a2f1db90b9fe5f2591265,1144944,1220,1144807.0,109725774.0,3050531.0,50.023636266019956,71260486.0
2024-05-28 07:00:00+00:00,54,8.0,2,126658,insert,a94a98dee340c4cbd7ae47056b63d9ae4a30d3efffc9635427c4a14e8f586584,4304950,0,4303897.0,22400.0,13268114.0,49.993884198429825,70656720.0
2024-05-24 05:00:00+00:00,50,36.0,6,30424,ctas,6717d03f45e31be58d405356c758a187f9df7c6ca7b2dcb8e9ff741de03513fc,891513,0,891508.0,192274.0,13560599.0,49.99985978852745,68790645.0
2024-04-22 08:00:00+00:00,103,16.0,0,5047978,select,5bcb466459538f12d3ecb79dd61d879c514e7e714c604bd223bf11c015e92178,506296,0,71994.0,11444834.0,12453100.0,12.449463072161027,68494213.0
2024-05-25 15:00:00+00:00,11,17.0,0,2807674,insert,974ee46f7b81eb8ef7a543bfb72ae61511681a000bec0167b2ae5e8609b7a6af,2390415,902149,2390395.0,4921885.0,12726070.0,57.937141548971226,68481707.5
2024-05-01 11:00:00+00:00,32,35.0,0,671832,unload,668d5ef1ee7c53b16ffefbd2acc6ac1f150256b03629b33e5e9e7c7e3c103951,640670,0,640497.0,6620642.0,12894145.0,49.99324834311218,68421716.0
2024-05-24 11:00:00+00:00,156,64.0,0,3813010,ctas,fbc9334b2d0aea21b4ec9ae805399e55a79cc797f035946305ba5e9d3c15bdce,879949,0,879942.0,1352478.0,13308944.0,49.99980112404689,68100908.0
2024-05-21 10:00:00+00:00,32,35.0,1,379298,copy,85a845606fe86ebef72437453107d02bcb91fcdc5f49df4800b52b7539d3f292,2299884,0,2299880.0,87360.0,13144013.0,49.999956519508395,68063629.0
2024-03-31 05:00:00+00:00,183,35.0,0,596740,unload,3345dbe48c8855e9be45eeffb83dabc2b7a4007a037975e49dd90305ce8466c5,748991,0,748779.0,1311341.0,13208576.0,49.99292281191371,67447541.5
2024-05-07 23:00:00+00:00,156,32.0,66,319950,unload,37212bea2095e39dedb496d07072116ce1821cc61c520153aaccf34569bf56ac,427464,0,427394.0,1435496.0,13202962.0,49.995905752768294,67160022.0
2024-04-15 23:00:00+00:00,179,47.0,322,512355,unload,87291529cc58cc4343bfdf9037b8dacb6caafc3656866618d13eb1956c8facde,469490,0,206002.0,8945333.0,12264978.0,30.49658619199043,66267046.5
2024-03-21 12:00:00+00:00,179,47.0,0,201820,ctas,53098a127096e7bcb7ec975163a3ccee23ae20578bd9718793df071594d48c90,560847,0,560844.0,2095270.0,12907894.0,49.99986627333196,66147952.0
2024-04-30 01:00:00+00:00,54,8.0,7,1585251,insert,904f07233958ad0d750991374ad554839d8077920ad33e244e42da1e2a894aae,1591311,94893,1591289.0,782858.0,12814823.0,51.44731049006054,66056855.0
2024-04-06 01:00:00+00:00,32,35.0,1,284819,insert,b9ac43b54f3615dff6dcfb9f090a19c8cd9efbbef0af228fa998d11b5595fca3,866329,0,866322.0,7045025.0,12150760.0,49.99979799740398,65142641.5
2024-03-17 22:00:00+00:00,156,32.0,10,2010414,ctas,5b5b2b0c5dbd68788633d9004c646a9b132364fa627f8d8b2c1a7f5e9c95cf45,903447,0,7.0,10808.0,12803612.0,0.0007748042512402402,64926911.0
2024-05-23 00:00:00+00:00,101,16.0,0,35552,ctas,3b8beeef2ada1e66077e9ecb2cf383d2b288e0b82a11fe490b9d52daf5e92cd3,1927485,0,1927475.0,18777254.0,10687188.0,49.99987029696806,64752052.0
2024-05-11 07:00:00+00:00,50,36.0,140,499741,unload,3771e30e5e3b0f0bceb486f45e4f978f58fdf2c797c67d8b5055c48d4d656448,361451,0,361337.0,7101061.0,12129030.0,49.99211387018047,64557131.5
2024-05-29 23:00:00+00:00,183,35.0,0,290585,insert,6a9ebeb60a697b0af0d107c3d5360b613246a27aea11590cb4969d2f4347509b,204991,140912,204979.0,128257876.0,0.0,62.78858267287731,64333929.0
2024-04-17 14:00:00+00:00,32,35.0,1,321191,insert,597da7b7fb3f1238f43f683322bef0738dd5c74bd6358ab54f440981bb047a5e,518651,0,518643.0,9684413.0,11669609.0,49.999614381265104,63708902.5
2024-04-15 07:00:00+00:00,50,36.0,140,398163,unload,1b8ca5b64e95ae4f4cf924659bf8fcce0c6295c083ebcaaee667a0127c68b09d,329619,0,329546.0,7026495.0,11821616.0,49.99446269143537,62950946.5
2024-05-15 03:00:00+00:00,183,35.0,1,144928,unload,3a356ee5b194789976cdf8b69c50dde4ebc7713ded72f06db6361bcec344f9ed,948183,0,948049.0,93460411.0,2987018.0,49.99646667707327,62613478.5
2024-04-26 21:00:00+00:00,50,36.0,56,1010692,ctas,74b18135ad0313908ecec3d385ea825cf01adc257ce1f557bb36067357b804c9,197998,0,197996.0,1118674.0,12264207.0,49.99974747092127,62078370.0
2024-03-11 21:00:00+00:00,179,47.0,269,513799,unload,c47328d65e45e5d425f79f3d7a943cae284e013cb61935278dd4babce64dc978,780623,0,780554.0,4806743.0,11768128.0,49.99779012885791,62024634.5
2024-04-04 08:00:00+00:00,32,35.0,1,694501,copy,85a845606fe86ebef72437453107d02bcb91fcdc5f49df4800b52b7539d3f292,800140,0,800138.0,0.0,12202227.0,49.99993751085749,61811275.0
2024-04-06 19:00:00+00:00,11,14.0,0,837419,copy,f7a468c7844e9c9ebb7568636d2ab3ab5994977d95df4a6bca912cc11e1ed486,4119657,98218,4119643.0,42480.0,11469326.0,50.58892826378306,61487527.0
2024-03-01 22:00:00+00:00,179,47.0,0,209628,ctas,d47699f46ad5d83e5fe56c64aa8a69ba73897ff283bfa30194e00dede319d767,227493,0,227489.0,5149242.0,11730665.0,49.999560422170546,61455439.0
2024-05-12 23:00:00+00:00,183,35.0,0,573797,unload,81e0b7a7146939c48c4f59a845be30efa92355fe00c0f226b76ce75fcf2639e6,717304,0,717297.0,1035822.0,11846925.0,49.99975602972534,60469840.0
2024-04-18 22:00:00+00:00,76,11.0,1,162342,ctas,7cb1765df80cead3acd3a6be7d981954f98615736a37fe346df1584ae298f38e,2155210,0,2155199.0,11189558.0,10496771.0,49.99987240189968,60233844.0
2024-05-14 20:00:00+00:00,76,11.0,1,571943,unload,b2669b23684feb15a14f3ce998935e72138d7ef7f8e23c33a5fd88413f640fe0,953917,0,96486.0,631605.0,11726801.0,9.185617329729636,59903724.5
2024-04-28 01:00:00+00:00,183,35.0,1,1399,unload,a71729b4fce047e75fa5854e04eb8b315476b01c0d4037d4d16dc46f4eafa047,1360856,86422,1360608.0,20076581.0,9689096.0,51.53449961999882,59844626.5
2024-04-05 21:00:00+00:00,32,35.0,1,708876,copy,85a845606fe86ebef72437453107d02bcb91fcdc5f49df4800b52b7539d3f292,1179720,0,1179715.0,0.0,11629140.0,49.99989404242965,59325420.0
2024-03-10 21:00:00+00:00,32,30.0,2,149271,unload,e5d925a77525c55e25779cd90af14c2bafba089e2ae46057a4424a050aab42c8,1244894,0,1244735.0,7740217.0,10774969.0,49.996806753134706,58989847.5
2024-03-23 12:00:00+00:00,32,30.0,1,281049,copy,85a845606fe86ebef72437453107d02bcb91fcdc5f49df4800b52b7539d3f292,3172832,0,3172826.0,0.0,11150914.0,49.99995272357886,58927402.0
2024-04-02 06:00:00+00:00,50,36.0,6,229772,ctas,e1403b362963022e5666a7c9a46d01579cf66154f947474ef90a6ab2708e3b77,2050123,0,2050115.0,7287202.0,10634605.0,49.99990244468736,58866749.0
2024-03-15 04:00:00+00:00,101,16.0,0,39591,copy,c140c69053a4fb76a8d68e112b3e7aa00db2d9b00088e76494755ef0ea5b421d,1194114,0,1194110.0,0.0,11522435.0,49.999916255761605,58806289.0
2024-03-31 11:00:00+00:00,156,32.0,0,2818581,unload,4bddd8efdf546c62e7c119ddcf49d8cf59899ddbc48f61b30fbedfdb393c42f6,3600002,0,30423.0,88450497.0,2185810.0,0.8380010604818996,58754300.5
2024-05-30 09:00:00+00:00,183,35.0,0,608560,ctas,5bb030e10b5b71753cb08590dd1ff6a7bd9cb50e254e6fe6306c8721b16665fe,1077222,0,1077217.0,2745830.0,11253149.0,49.9998839605113,58715882.0
2024-03-21 17:00:00+00:00,156,32.0,0,2184084,ctas,a0d3c311d90a947aeaffcf5f8e98a8378ed302cbc2b7c741babbdcae6a7679f8,879852,4303,879845.0,1640429.0,11400820.0,50.12176870748299,58704166.5
2024-05-22 01:00:00+00:00,137,6.0,1,196124,copy,90be73e6f7ee1f5f836dab319afb5753a14e82a86d71f7c79e589d00f2603c6e,4688530,0,4687800.0,0.0,10741537.0,49.99610721892254,58396215.0
2024-04-05 21:00:00+00:00,177,2.0,0,153012,unload,9f71b6a635c8293fc6a1b782d026bbe7bcf27e670e9d750b221340d773a07ef5,5146573,0,5146568.0,2609.0,10642340.0,49.999975711981406,58359577.5
2024-05-17 06:00:00+00:00,32,35.0,1,759536,copy,85a845606fe86ebef72437453107d02bcb91fcdc5f49df4800b52b7539d3f292,976914,0,976908.0,0.0,11446152.0,49.999846454794756,58207674.0
2024-03-15 19:00:00+00:00,179,47.0,2,567924,ctas,4a22aa314636a53f11caf4878ca97452adac648401c0f874c5e664739491ff03,334468,0,334448.0,12312885.0,10319324.0,49.99850504398161,58087530.5
2024-04-08 13:00:00+00:00,50,36.0,128,688719,unload,23de3a62c834e9ea5ea567e012c0131921bfd05753dceb64a27dcf479c617852,908116,0,843639.0,1296243.0,11266666.0,48.15964561254285,57889567.5
2024-05-20 01:00:00+00:00,137,6.0,1,146578,copy,eff40eb211479c5e2a016b105552a2ed3d86d00bff354d17860f34503ef699d2,4561495,0,4560652.0,0.0,10601301.0,49.99537937724529,57568000.0
2024-03-11 02:00:00+00:00,76,11.0,0,444895,delete,a058e44129f66bcf1e63d53aed5bf65458ac6b968803638e48ee156dd23540a4,2229394,0,2229391.0,4453531.0,10599589.0,49.99996635854835,57454104.5
2024-05-26 08:00:00+00:00,33,8.0,0,3411573,ctas,37e0b1c494fdafe0c27bcdb74e28faaf3c7329dc9432d29f092f359429c41254,849431,0,22.0,0.0,11291498.0,0.0025899019722103516,57306921.0
2024-05-11 09:00:00+00:00,179,47.0,2,272950,ctas,51684994b209059a6f9a05997ab4fa2a29e93e1132929ae07f724953e085cc8a,936668,0,936663.0,8945381.0,10266452.0,49.99986654787648,56741618.5
2024-03-09 19:00:00+00:00,156,32.0,0,6664168,ctas,549fbc74871d827f748ed0e6d26900118277b02084002da7e9f4de5fe7d701f6,1055292,3411,1055282.0,340222.0,11088916.0,50.080440495083934,56669983.0
2024-03-24 12:00:00+00:00,11,14.0,0,2908009,insert,dc020514636f3eff53c990d05386b61a322fa6f24f76ebe059abd962a16b5fcc,2068672,324458,2068652.0,5114130.0,10389480.0,53.635744641939034,56573137.0
2024-05-26 10:00:00+00:00,32,35.0,1,458586,copy,85a845606fe86ebef72437453107d02bcb91fcdc5f49df4800b52b7539d3f292,725097,0,725092.0,0.0,11156107.0,49.999827608677215,56505632.0
2024-04-03 18:00:00+00:00,179,47.0,2,325790,ctas,73294d47aabca059022c62dc0eca9a295d65b9e33dfe9ec705d3cebcff4257e9,2524719,0,2524712.0,8491665.0,9912517.0,49.999930685259386,56333136.5
2024-03-04 17:00:00+00:00,32,30.0,2,163199,ctas,95b49ad84683330f7d3ed6e5a185ac2d29366074d49a03a2f24037042927a3d2,3322304,0,3322289.0,1660235.0,10361676.0,49.999887126269435,55960801.5
2024-03-20 23:00:00+00:00,101,16.0,0,75882,ctas,971cdb27ff14f509ae50a2082f0e4fdad78e3706ab79f0c4a6c3e616147d957c,267817,0,267809.0,2388360.0,10858382.0,49.99925321026238,55753907.0
